date,total_amount_yuan,eligible_stock_count,positive_amount_stock_count,top50_amount_yuan,top50_stock_count,top50_share,top50_share_pct
2011-08-02,149806708894.0,2137,2137,26800751776.0,50,0.17890221321772468,17.89022132177247
2011-08-03,148652792732.25,2135,2135,28349902336.0,50,0.1907122080582986,19.07122080582986
2011-08-04,136896489567.25,2145,2145,24238459520.0,50,0.17705683759036733,17.705683759036734
2011-08-05,165994044082.75,2126,2126,32116710080.0,50,0.19348109902057353,19.348109902057352
2011-08-08,211551918088.25,2126,2126,44080076640.0,50,0.2083652894208776,20.83652894208776
2011-08-09,195732066288.75,2152,2152,43199931456.0,50,0.22070952539922675,22.070952539922676
2011-08-10,194682411636.3125,2150,2150,40061695968.0,50,0.20577973958345822,20.577973958345822
2011-08-11,191262477467.0,2153,2153,40766928992.0,50,0.21314650699865495,21.314650699865496
2011-08-12,191989899686.125,2137,2137,36681197344.0,50,0.19105795359010194,19.105795359010195
2011-08-15,179464928830.5625,2146,2146,34262742688.0,50,0.19091609102271087,19.091609102271086
2011-08-16,172400459017.5,2149,2149,34291206688.0,50,0.19890438159749432,19.890438159749433
2011-08-17,141560713843.375,2144,2144,26811935264.0,50,0.18940237397831397,18.940237397831396
2011-08-18,148114774391.75,2142,2142,31103999136.0,50,0.20999930131029856,20.999930131029856
2011-08-19,140692389575.375,2144,2144,30591826848.0,50,0.21743768046252876,21.743768046252875
2011-08-22,125860949718.75,2149,2149,26102925152.0,50,0.20739494823716037,20.739494823716036
2011-08-23,127071901065.125,2158,2158,23875533952.0,50,0.18788995640951076,18.788995640951075
2011-08-24,145686444449.0,2156,2156,24853885824.0,50,0.17059847893192645,17.059847893192646
2011-08-25,187734262844.25,2156,2156,40905034048.0,50,0.21788795198208463,21.78879519820846
2011-08-26,158960959648.25,2157,2157,31502431040.0,50,0.19817715689254026,19.817715689254026
2011-08-29,154078431905.875,2162,2162,32021903008.0,50,0.20782858841373636,20.782858841373635
2011-08-30,154973720330.75,2166,2166,30056326848.0,50,0.1939446687080416,19.394466870804163
2011-08-31,123265707488.0,2154,2154,25587740032.0,50,0.2075819832899672,20.75819832899672
2011-09-01,113190181574.0,2167,2167,21931662448.0,50,0.19375940689397872,19.375940689397872
2011-09-02,103984744707.875,2151,2151,20211269840.0,50,0.1943676439921995,19.43676439921995
2011-09-05,104585715481.375,2148,2148,20980355776.0,50,0.20060441026228154,20.060441026228155
2011-09-06,94488277189.25,2143,2143,20597430144.0,50,0.2179892655122236,21.798926551222362
2011-09-07,115524171327.125,2166,2166,25269355584.0,50,0.21873652322028622,21.873652322028622
2011-09-08,111507741446.75,2145,2145,25768369792.0,50,0.23109041092277494,23.109041092277494
2011-09-09,97668559672.0,2148,2148,22093196432.0,50,0.22620581798477943,22.620581798477943
2011-09-13,93374483183.5,2156,2156,21222056080.0,50,0.22727896697745903,22.7278966977459
2011-09-14,99106145886.5625,2163,2163,22940402688.0,50,0.2314730583334128,23.14730583334128
2011-09-15,103868549668.0,2145,2145,22954565344.0,50,0.2209963017426427,22.09963017426427
2011-09-16,94365094594.625,2139,2139,22308625808.0,50,0.23640760287300863,23.640760287300864
2011-09-19,90260624773.25,2167,2167,20138173392.0,50,0.22311138929727672,22.311138929727672
2011-09-20,88612862621.75,2175,2175,21361011744.0,50,0.24105994448211118,24.105994448211117
2011-09-21,157277084485.5,2189,2189,34139711776.0,50,0.2170672980598612,21.706729805986118
2011-09-22,136439058496.375,2180,2180,30459794176.0,50,0.2232483462703554,22.32483462703554
2011-09-23,121134509796.125,2181,2181,28887206112.0,50,0.23847214274956416,23.847214274956414
2011-09-26,104136378859.0,2170,2170,26754414016.0,50,0.2569170765215997,25.691707652159966
2011-09-27,102658880164.375,2181,2181,23285699872.0,50,0.2268259680479222,22.682596804792222
2011-09-28,102300312327.625,2186,2186,22238857312.0,50,0.2173879708282636,21.738797082826363
2011-09-29,103755741314.625,2173,2173,21274362272.0,50,0.20504274753807045,20.504274753807046
2011-09-30,81220966976.3125,2175,2175,18515503520.0,50,0.227964578720171,22.7964578720171
2011-10-10,70430230666.125,2162,2162,17701847360.0,50,0.25133876735283933,25.133876735283934
2011-10-11,110543965344.4375,2184,2184,28969744224.0,50,0.2620653613585768,26.20653613585768
2011-10-12,147614273267.625,2187,2187,36389416064.0,50,0.24651692047439008,24.65169204743901
2011-10-13,150213980753.75,2187,2187,31978600800.0,50,0.21288698055624675,21.288698055624675
2011-10-14,109009155398.25,2169,2169,23363792032.0,50,0.21432871346120966,21.432871346120965
2011-10-17,113065206365.75,2164,2164,25817551232.0,50,0.22834214045020942,22.834214045020943
2011-10-18,127313381271.375,2172,2172,31990039360.0,50,0.2512700475043671,25.12700475043671
2011-10-19,99956736664.1875,2190,2190,24473975424.0,50,0.24484568264990725,24.484568264990724
2011-10-20,108756145838.125,2196,2196,23680743168.0,50,0.21774165483251798,21.7741654832518
2011-10-21,81948216764.25,2195,2195,18351754496.0,50,0.22394330493846662,22.394330493846663
2011-10-24,112764040566.0,2206,2206,27695065760.0,50,0.24560192789287533,24.560192789287534
2011-10-25,153650448196.375,2197,2197,34259463872.0,50,0.22297015253879532,22.297015253879533
2011-10-26,180643630826.5,2191,2191,38739246880.0,50,0.21445121924728852,21.445121924728852
2011-10-27,140205630647.125,2189,2189,27371477344.0,50,0.19522380961210895,19.522380961210896
2011-10-28,189422023452.25,2195,2195,40660643712.0,50,0.2146563687313257,21.46563687313257
2011-10-31,161253254922.25,2193,2193,30304298272.0,50,0.18792983922471238,18.792983922471237
2011-11-01,164890163926.375,2207,2207,31656663168.0,50,0.19198636482728584,19.198636482728585
2011-11-02,198705634568.0,2203,2203,36442450944.0,50,0.18339918253062348,18.339918253062347
2011-11-03,269161713029.375,2205,2205,46892990720.0,50,0.1742186516508101,17.42186516508101
2011-11-04,191893890834.5,2202,2202,32939779392.0,50,0.1716562171351724,17.16562171351724
2011-11-07,149515072156.0,2188,2188,26293222112.0,50,0.1758566660394369,17.58566660394369
2011-11-08,145143986307.75,2190,2190,26867196960.0,50,0.18510720039777093,18.51072003977709
2011-11-09,154992370378.5,2188,2188,28859556608.0,50,0.18619985317679416,18.619985317679415
2011-11-10,173735672875.75,2181,2181,31161601280.0,50,0.1793621353876227,17.936213538762267
2011-11-11,136326846097.0,2172,2172,24721782304.0,50,0.1813419954453419,18.13419954453419
2011-11-14,170799288217.75,2174,2174,26721097952.0,50,0.15644736129071912,15.644736129071912
2011-11-15,164288424153.03125,2168,2168,26296304320.0,50,0.16006182088340892,16.006182088340893
2011-11-16,180654601693.5,2200,2200,30699192736.0,50,0.16993307919210654,16.993307919210654
2011-11-17,135021344483.9375,2200,2200,23431844096.0,50,0.17354177730608744,17.354177730608743
2011-11-18,140613700292.375,2186,2186,24058407296.0,50,0.17109575557698772,17.109575557698772
2011-11-21,100238275526.25,2193,2193,17805349104.0,50,0.1776302416469366,17.76302416469366
2011-11-22,101072146231.875,2201,2201,19292288912.0,50,0.1908764148308529,19.087641483085292
2011-11-23,99900630980.875,2209,2209,19152806128.0,50,0.19171857014263122,19.17185701426312
2011-11-24,103474365463.5,2206,2206,18200396960.0,50,0.175892810537892,17.5892810537892
2011-11-25,96867418180.125,2210,2210,19872114256.0,50,0.2051475576550187,20.514755765501867
2011-11-28,95092916500.4375,2192,2192,18312072032.0,50,0.19257030603237152,19.25703060323715
2011-11-29,115057611157.75,2206,2206,19533023200.0,50,0.16976732789297358,16.97673278929736
2011-11-30,141090032083.25,2198,2198,24655707296.0,50,0.17475158898150883,17.475158898150884
2011-12-01,175333264698.375,2205,2205,38272606400.0,50,0.21828491282495757,21.828491282495758
2011-12-02,109914811468.375,2211,2211,21730588768.0,50,0.19770391703990128,19.77039170399013
2011-12-05,95219081540.875,2207,2207,18111521936.0,50,0.19020895437040325,19.020895437040323
2011-12-06,82305024457.0,2215,2215,16901945936.0,50,0.2053574012948671,20.535740129486708
2011-12-07,75405555843.375,2216,2216,16973207120.0,50,0.22509226183883685,22.509226183883683
2011-12-08,95941855321.5,2216,2216,20020381792.0,50,0.208672030834842,20.867203083484203
2011-12-09,76801706340.375,2212,2212,17235527584.0,50,0.22441594601576198,22.4415946015762
2011-12-12,69373416624.4375,2216,2216,15261039920.0,50,0.2199839745909839,21.99839745909839
2011-12-13,95712369245.375,2225,2225,20071566944.0,50,0.20970713714695655,20.970713714695655
2011-12-14,74684281695.25,2225,2225,15666675424.0,50,0.20977205736446705,20.977205736446706
2011-12-15,90438046005.125,2208,2208,19342243888.0,50,0.21387286371605044,21.387286371605043
2011-12-16,95918488675.375,2202,2202,22730722944.0,50,0.23697957774261327,23.697957774261326
2011-12-19,98214468563.25,2207,2207,22139881392.0,50,0.22542382722095516,22.542382722095518
2011-12-20,93668065014.125,2211,2211,20463655104.0,50,0.218469924631347,21.8469924631347
2011-12-21,89443953507.25,2208,2208,21223768704.0,50,0.23728567300281153,23.728567300281153
2011-12-22,97698072644.125,2211,2211,19971446064.0,50,0.20442006196732243,20.442006196732244
2011-12-23,86833192778.875,2212,2212,19260401664.0,50,0.22180920737358537,22.180920737358537
2011-12-26,71027583797.25,2197,2197,16138436016.0,50,0.227213642267032,22.7213642267032
2011-12-27,76416553913.0,2220,2220,16851415904.0,50,0.22052048988214362,22.052048988214363
2011-12-28,79460684873.03125,2198,2198,16787670416.0,50,0.2112701450135335,21.12701450135335
2011-12-29,70577368707.6875,2197,2197,14010883968.0,50,0.19851808341041047,19.851808341041046
2011-12-30,82407988814.125,2210,2210,16411477392.0,50,0.1991491071213598,19.91491071213598
2012-01-04,79527030879.5,2226,2226,16586082192.0,50,0.20855905229419877,20.85590522941988
2012-01-05,87927003350.375,2218,2218,20365588640.0,50,0.23161927353359693,23.161927353359694
2012-01-06,75454974952.34375,2235,2235,16569676800.0,50,0.21959687628900762,21.959687628900763
2012-01-09,113297958022.1875,2228,2228,26218192960.0,50,0.2314092276479123,23.14092276479123
2012-01-10,166586923839.65625,2238,2238,36223016896.0,50,0.21744213808081053,21.744213808081053
2012-01-11,139189484155.34375,2237,2237,29700826176.0,50,0.21338412421194197,21.338412421194196
2012-01-12,119167604518.75,2223,2223,26521600736.0,50,0.22255713575099223,22.25571357509922
2012-01-13,119303424417.375,2217,2217,26454809536.0,50,0.22174392449498875,22.174392449498875
2012-01-16,79595671490.09375,2179,2179,20220613456.0,50,0.25404162157883925,25.404162157883924
2012-01-17,134965566399.51562,2230,2230,33668244736.0,50,0.2494580331425989,24.94580331425989
2012-01-18,142650062580.375,2242,2242,35652168352.0,50,0.24992746380263298,24.9927463802633
2012-01-19,113410692563.75,2248,2248,29540912096.0,50,0.26047730975097055,26.047730975097057
2012-01-20,112100664542.8125,2239,2239,31975355232.0,50,0.28523787403408524,28.523787403408523
2012-01-30,93111015934.6875,2244,2244,24615219744.0,50,0.264364205426201,26.436420542620098
2012-01-31,77937983646.9375,2240,2240,19904972304.0,50,0.255395012452085,25.539501245208502
2012-02-01,88228226633.8125,2245,2245,21165275024.0,50,0.23989233187067868,23.989233187067867
2012-02-02,102082610287.375,2238,2238,25436358592.0,50,0.2491742572059389,24.91742572059389
2012-02-03,128888756098.875,2226,2226,27754852320.0,50,0.21533959330562782,21.533959330562784
2012-02-06,126856946956.0,2233,2233,23720714016.0,50,0.1869878992454979,18.698789924549793
2012-02-07,108276003026.0,2230,2230,20940291552.0,50,0.1933973453653592,19.33973453653592
2012-02-08,144612117656.875,2222,2222,33829250688.0,50,0.23393095430818292,23.393095430818292
2012-02-09,166781063534.0,2230,2230,33031177568.0,50,0.198051126837108,19.8051126837108
2012-02-10,151156819243.0,2231,2231,31765300608.0,50,0.21014798251962447,21.014798251962446
2012-02-13,150958393395.875,2245,2245,27945172864.0,50,0.18511837755663088,18.511837755663088
2012-02-14,128371289848.375,2244,2244,24007329760.0,50,0.18701478958695605,18.701478958695606
2012-02-15,166674477761.75,2238,2238,29316386944.0,50,0.17589007829924513,17.589007829924512
2012-02-16,163249353869.0625,2243,2243,26703160672.0,50,0.16357284141790734,16.357284141790736
2012-02-17,126995145133.75,2240,2240,22667469984.0,50,0.17849083884369635,17.849083884369634
2012-02-20,158038532036.5,2235,2235,29684659808.0,50,0.18783178649839735,18.783178649839734
2012-02-21,147993712479.5,2248,2248,26820334400.0,50,0.18122617475195196,18.122617475195195
2012-02-22,214097049069.75,2247,2247,36467904544.0,50,0.1703335225891845,17.03335225891845
2012-02-23,204224388448.0,2243,2243,38096483584.0,50,0.18654228260157185,18.654228260157186
2012-02-24,222707952234.5,2241,2241,44244500064.0,50,0.19866600909433543,19.866600909433544
2012-02-27,268436716681.625,2234,2234,50257339968.0,50,0.18722230173753354,18.722230173753353
2012-02-28,208453380828.25,2238,2238,38661102912.0,50,0.18546642303611213,18.546642303611215
2012-02-29,171582449724.0,2245,2245,36409065408.0,50,0.21219574301780877,21.219574301780877
2012-03-01,138769727551.92188,2254,2254,28288140704.0,50,0.20384950812428274,20.384950812428272
2012-03-02,180455717830.59375,2247,2247,33501148000.0,50,0.18564747297976916,18.564747297976915
2012-03-05,204437129594.4375,2245,2245,37877164928.0,50,0.18527537049234033,18.527537049234034
2012-03-06,189873754456.25,2245,2245,37530714848.0,50,0.19766141431962725,19.766141431962726
2012-03-07,174956812526.625,2248,2248,32954967136.0,50,0.1883605825922606,18.83605825922606
2012-03-08,173841995703.5,2254,2254,34934575040.0,50,0.20095590193052906,20.095590193052907
2012-03-09,191942826536.5,2232,2232,39077734816.0,50,0.20359049369614732,20.35904936961473
2012-03-12,204832270959.0625,2244,2244,39899024032.0,50,0.19478875982375923,19.478875982375925
2012-03-13,199295958750.5,2255,2255,35074624672.0,50,0.1759926537994188,17.59926537994188
2012-03-14,323848251026.5,2262,2262,58376309760.0,50,0.1802582214817123,18.02582214817123
2012-03-15,212846988663.5,2245,2245,41917386944.0,50,0.19693671593479392,19.693671593479394
2012-03-16,193886623567.25,2239,2239,38681709216.0,50,0.1995068484060901,19.95068484060901
2012-03-19,194102431416.21875,2256,2256,39777058560.0,50,0.20492818286600978,20.49281828660098
2012-03-20,178678925645.5,2242,2242,37798239008.0,50,0.21154279314949498,21.1542793149495
2012-03-21,178550351117.0625,2246,2246,40180121152.0,50,0.2250352402032344,22.50352402032344
2012-03-22,143345948877.125,2259,2259,31176916864.0,50,0.21749423062331955,21.749423062331953
2012-03-23,138413565668.75,2248,2248,28224794848.0,50,0.20391639151575147,20.39163915157515
2012-03-26,106171500391.0,2250,2250,22850859104.0,50,0.21522592239769303,21.522592239769303
2012-03-27,123574438857.5,2264,2264,29941773792.0,50,0.24229746919205022,24.229746919205024
2012-03-28,149884387843.75,2258,2258,29627515104.0,50,0.19766912038154233,19.76691203815423
2012-03-29,127501497168.625,2261,2261,28140532256.0,50,0.22070746525260956,22.070746525260958
2012-03-30,105290634035.125,2241,2241,23534248416.0,50,0.22351701679514024,22.351701679514026
2012-04-05,134066668634.46875,2250,2250,33218923968.0,50,0.24777914082859043,24.77791408285904
2012-04-06,127769963937.375,2241,2241,29179746112.0,50,0.22837719611709464,22.837719611709463
2012-04-09,106013750122.6875,2253,2253,24198019824.0,50,0.2282535972550366,22.82535972550366
2012-04-10,121373761771.46875,2242,2242,26879659232.0,50,0.2214618616057312,22.14618616057312
2012-04-11,125597851471.46094,2266,2266,25940944448.0,50,0.20653971500375903,20.653971500375903
2012-04-12,163156313598.76562,2247,2247,32731788000.0,50,0.20061612865619216,20.061612865619217
2012-04-13,176379787251.90625,2254,2254,37925924096.0,50,0.21502420819815402,21.502420819815402
2012-04-16,141544318805.125,2247,2247,26448234560.0,50,0.1868547941963911,18.68547941963911
2012-04-17,138835129205.125,2244,2244,26404217216.0,50,0.19018397841506318,19.018397841506317
2012-04-18,173416806324.0,2223,2223,34725798112.0,50,0.20024471011835332,20.02447101183533
2012-04-19,162453226675.25,2227,2227,36408566752.0,50,0.22411722744530074,22.411722744530074
2012-04-20,179311373891.0,2169,2169,41053818720.0,50,0.22895267505426534,22.895267505426535
2012-04-23,195191808145.0,2221,2221,40889906976.0,50,0.20948577383751968,20.948577383751967
2012-04-24,202580090549.25,2266,2266,45501110848.0,50,0.22460800923049273,22.460800923049273
2012-04-25,193125302458.0,2247,2247,37611641824.0,50,0.1947525329167037,19.47525329167037
2012-04-26,182293931019.75,2235,2235,38941423680.0,50,0.2136188707005338,21.361887070053378
2012-04-27,145418562780.875,2214,2214,34296780608.0,50,0.23584871114205927,23.584871114205928
2012-05-02,205128137232.625,2267,2267,51224025536.0,50,0.2497172071421364,24.971720714213642
2012-05-03,178609413747.125,2267,2267,44607532480.0,50,0.24974905602207112,24.974905602207112
2012-05-04,182966212280.5,2276,2276,43369415104.0,50,0.23703510371363895,23.703510371363894
2012-05-07,197069836069.5,2270,2270,46120103104.0,50,0.23402923564484504,23.402923564484503
2012-05-08,187526653215.25,2239,2239,41780596192.0,50,0.22279817548944733,22.279817548944735
2012-05-09,176558437779.0,2267,2267,41589103424.0,50,0.23555432381010022,23.55543238101002
2012-05-10,146312658629.0,2232,2232,37852187296.0,50,0.2587075352924896,25.870753529248958
2012-05-11,144324905170.75,2230,2230,34708810048.0,50,0.2404907871370932,24.04907871370932
2012-05-14,162330296198.5,2276,2276,38084823232.0,50,0.23461315677899883,23.461315677899883
2012-05-15,141476239061.125,2249,2249,34731156576.0,50,0.24549109310853504,24.549109310853503
2012-05-16,132904297781.375,2232,2232,34967064000.0,50,0.26309957302900877,26.309957302900877
2012-05-17,143577111639.375,2262,2262,38179106976.0,50,0.26591360238458545,26.591360238458545
2012-05-18,142377245549.25,2203,2203,34130236960.0,50,0.23971693530335886,23.971693530335887
2012-05-21,127153483980.625,2271,2271,33458836960.0,50,0.2631373983043853,26.313739830438532
2012-05-22,133933747805.75,2274,2274,34085552256.0,50,0.2544956205170617,25.44956205170617
2012-05-23,152415994311.5,2286,2286,41013761376.0,50,0.26909092816189734,26.909092816189734
2012-05-24,143012466783.25,2300,2300,37199731008.0,50,0.26011530214621076,26.011530214621075
2012-05-25,126934254906.875,2252,2252,31482417984.0,50,0.24802145021528663,24.802145021528663
2012-05-28,154666361168.0,2296,2296,37199268384.0,50,0.24051298616635727,24.051298616635727
2012-05-29,198228837922.25,2288,2288,46913387200.0,50,0.23666277667632057,23.66627766763206
2012-05-30,159163937755.5,2297,2297,33988803872.0,50,0.21354588452198242,21.354588452198243
2012-05-31,149458505527.625,2303,2303,31998104192.0,50,0.2140935644916218,21.409356449162182
2012-06-01,145094532056.0,2312,2312,36884581504.0,50,0.2542106927211027,25.42106927211027
2012-06-04,157334002101.0,2310,2310,37649875712.0,50,0.23929904031698626,23.929904031698626
2012-06-05,117829306228.875,2313,2313,28638533344.0,50,0.24305102236935602,24.305102236935603
2012-06-06,106694665057.0,2299,2299,28112549344.0,50,0.2634859890040547,26.348598900405467
2012-06-07,111847802177.0625,2317,2317,27738926752.0,50,0.24800600648448537,24.800600648448537
2012-06-08,118762175183.5,2292,2292,31622987424.0,50,0.26627154121368335,26.627154121368335
2012-06-11,119163158799.625,2314,2314,27838523904.0,50,0.23361686769994894,23.361686769994893
2012-06-12,110508998524.375,2327,2327,25545262528.0,50,0.23116002198106494,23.116002198106493
2012-06-13,140528424661.25,2346,2346,31690939552.0,50,0.22551266498854175,22.551266498854176
2012-06-14,135126925694.0,2341,2341,29236596448.0,50,0.21636395779629716,21.636395779629716
2012-06-15,130663284322.125,2309,2309,32384291520.0,50,0.2478453812638201,24.78453812638201
2012-06-18,123439611030.375,2310,2310,26603704928.0,50,0.2155199996656955,21.55199996656955
2012-06-19,122177577861.125,2338,2338,26191644000.0,50,0.21437357376466515,21.437357376466515
2012-06-20,108264233806.875,2322,2322,22613568816.0,50,0.20887386370219702,20.8873863702197
2012-06-21,112371635439.5,2319,2319,22290346496.0,50,0.1983627488273137,19.83627488273137
2012-06-25,110617987018.5625,2299,2299,24299741696.0,50,0.21967260796313648,21.96726079631365
2012-06-26,98507758083.1875,2319,2319,20462703248.0,50,0.20772681914778454,20.772681914778452
2012-06-27,99816787293.625,2328,2328,19602985760.0,50,0.1963896684265652,19.63896684265652
2012-06-28,104997690166.5,2294,2294,23070690720.0,50,0.2197256976169254,21.97256976169254
2012-06-29,111588163560.9375,2300,2300,24652214240.0,50,0.2209214082686969,22.09214082686969
2012-07-02,125486789766.0,2350,2350,28326073696.0,50,0.22572952697906057,22.572952697906057
2012-07-03,130419921672.5,2359,2359,27405918784.0,50,0.21013598561130511,21.01359856113051
2012-07-04,113683416644.25,2351,2351,23959734624.0,50,0.21075839670597954,21.075839670597954
2012-07-05,109518851216.75,2347,2347,23008748576.0,50,0.21008938936423946,21.008938936423945
2012-07-06,144088045039.625,2347,2347,38765826048.0,50,0.26904262624521824,26.904262624521824
2012-07-09,141629979315.375,2362,2362,36176076032.0,50,0.2554266844270648,25.54266844270648
2012-07-10,109090655018.4375,2364,2364,26327328192.0,50,0.24133440382726087,24.133440382726086
2012-07-11,106362585739.1875,2369,2369,27996686112.0,50,0.2632193070282335,26.321930702823348
2012-07-12,154338480924.75,2368,2368,40654602528.0,50,0.26341196495138336,26.341196495138337
2012-07-13,118806887745.0,2370,2370,29071108000.0,50,0.2446921096224361,24.469210962243608
2012-07-16,131730300982.6875,2366,2366,31120307360.0,50,0.23624258904631176,23.624258904631176
2012-07-17,103930948075.125,2370,2370,27654469728.0,50,0.26608503280476536,26.608503280476537
2012-07-18,116834033064.1875,2367,2367,29720960416.0,50,0.2543861547574206,25.43861547574206
2012-07-19,132491353345.5,2366,2366,29308082592.0,50,0.22120751167491515,22.120751167491516
2012-07-20,107736487361.5625,2367,2367,24993495648.0,50,0.231987289172721,23.1987289172721
2012-07-23,96128542647.4375,2366,2366,21890332288.0,50,0.22771938162305563,22.771938162305563
2012-07-24,92574944835.0,2366,2366,21821886464.0,50,0.23572130129695476,23.572130129695477
2012-07-25,88939285257.8125,2373,2373,19173024608.0,50,0.21557430501518254,21.557430501518255
2012-07-26,94128605444.75,2379,2379,22088723696.0,50,0.23466536651247066,23.466536651247065
2012-07-27,92313166152.28125,2377,2377,22763306640.0,50,0.24658786594372997,24.658786594372998
2012-07-30,84484137205.75,2378,2378,19355892048.0,50,0.2291068203828758,22.91068203828758
2012-07-31,84580662013.625,2382,2382,20272072256.0,50,0.2396773892918265,23.96773892918265
2012-08-01,86960540578.0,2385,2385,21142773584.0,50,0.24313065953213353,24.313065953213354
2012-08-02,85203624930.8125,2380,2380,20659246528.0,50,0.24246910321920964,24.246910321920964
2012-08-03,93902202062.4375,2388,2388,20813502032.0,50,0.2216508407136254,22.16508407136254
2012-08-06,124951729529.875,2382,2382,25760875392.0,50,0.20616661721229534,20.616661721229534
2012-08-07,127417419584.75,2383,2383,27555035840.0,50,0.2162579961970752,21.62579961970752
2012-08-08,123551359685.6875,2386,2386,28306948768.0,50,0.22911078307848964,22.911078307848964
2012-08-09,133677200287.75,2387,2387,32042757120.0,50,0.2397024851734298,23.97024851734298
2012-08-10,122705493868.625,2389,2389,30172737056.0,50,0.24589556754732214,24.589556754732214
2012-08-13,123372349821.75,2387,2387,30565227616.0,50,0.24774779486782122,24.774779486782123
2012-08-14,121457867653.75,2386,2386,29294505408.0,50,0.24119067767196664,24.119067767196665
2012-08-15,96207286273.5625,2390,2390,22791788688.0,50,0.23690293709347793,23.69029370934779
2012-08-16,83579168819.125,2390,2390,20631547760.0,50,0.24685035818732606,24.685035818732608
2012-08-17,82157963667.21875,2393,2393,20607309328.0,50,0.25082546363332486,25.082546363332487
2012-08-20,82598501713.9375,2390,2390,19746705216.0,50,0.2390685642747922,23.90685642747922
2012-08-21,113005508290.5,2388,2388,23325368640.0,50,0.20640912989867846,20.640912989867847
2012-08-22,109263762648.4375,2386,2386,22023318432.0,50,0.2015610473058786,20.15610473058786
2012-08-23,110343604075.125,2382,2382,23485230112.0,50,0.212837257844239,21.283725784423897
2012-08-24,107459957368.25,2387,2387,21554280352.0,50,0.20057964733911576,20.057964733911575
2012-08-27,99843137269.875,2378,2378,22343811344.0,50,0.22378915521859957,22.37891552185996
2012-08-28,88668655082.75,2376,2376,19424077728.0,50,0.21906363313926985,21.906363313926985
2012-08-29,89926982410.53125,2383,2383,18620138832.0,50,0.20705841931842045,20.705841931842045
2012-08-30,109021288990.9375,2384,2384,23126152352.0,50,0.21212510479418734,21.212510479418732
2012-08-31,73995177551.5,2383,2383,15316249856.0,50,0.20698983856535816,20.698983856535815
2012-09-03,99228215039.125,2386,2386,22638268880.0,50,0.22814346575793878,22.814346575793877
2012-09-04,99590162288.5625,2395,2395,23176953776.0,50,0.23272332571207963,23.27233257120796
2012-09-05,94481158634.25,2400,2400,21584482240.0,50,0.2284527682768646,22.845276827686458
2012-09-06,93243556350.125,2399,2399,19397314848.0,50,0.2080284751813201,20.80284751813201
2012-09-07,215995306516.625,2396,2396,43238834304.0,50,0.20018413826354112,20.018413826354113
2012-09-10,178954781019.125,2398,2398,36167483904.0,50,0.20210403822703546,20.210403822703547
2012-09-11,139804500368.375,2397,2397,25907566336.0,50,0.18531282088727752,18.531282088727753
2012-09-12,142160708563.75,2403,2403,26180244928.0,50,0.1841594994320096,18.41594994320096
2012-09-13,132792009853.375,2405,2405,23880679072.0,50,0.17983521070558642,17.98352107055864
2012-09-14,145891935351.375,2396,2396,33451401984.0,50,0.22928890417029296,22.928890417029297
2012-09-17,120648740800.0,2398,2398,27147309984.0,50,0.22501113400762487,22.50111340076249
2012-09-18,87038473258.75,2401,2401,18714238144.0,50,0.21501110305974552,21.501110305974553
2012-09-19,87226076253.9375,2400,2400,20596598560.0,50,0.23612891287277457,23.612891287277456
2012-09-20,107886576273.375,2401,2401,24691779872.0,50,0.22886795303832075,22.886795303832074
2012-09-21,94132774332.375,2406,2406,23042653104.0,50,0.24478884498440795,24.478884498440795
2012-09-24,86797192479.375,2399,2399,21259902256.0,50,0.24493767193048138,24.49376719304814
2012-09-25,76268572979.53125,2398,2398,18963707728.0,50,0.24864379897457145,24.864379897457145
2012-09-26,75901063638.5,2396,2396,16723825856.0,50,0.22033717387218563,22.033717387218562
2012-09-27,111250723195.29688,2403,2403,29433192448.0,50,0.2645663021563557,26.456630215635567
2012-09-28,118116549746.375,2402,2402,32384998048.0,50,0.27417832740237064,27.417832740237063
2012-10-08,84617665509.59375,2398,2398,21852252704.0,50,0.2582469342825635,25.824693428256353
2012-10-09,129009301997.375,2402,2402,27988910304.0,50,0.21695265279839668,21.695265279839667
2012-10-10,123938779363.9375,2405,2405,24385986976.0,50,0.1967583277901444,19.675832779014442
2012-10-11,119279532050.5,2406,2406,25156357216.0,50,0.21090254785162488,21.090254785162486
2012-10-12,103036630162.375,2406,2406,21545848704.0,50,0.20910863127070428,20.910863127070428
2012-10-15,91159199107.8125,2401,2401,19158437840.0,50,0.2101646134181327,21.01646134181327
2012-10-16,95938786299.75,2405,2405,20405629888.0,50,0.21269426761607024,21.269426761607026
2012-10-17,92055778765.9375,2407,2407,20383897216.0,50,0.22142984926376458,22.142984926376457
2012-10-18,127397185847.3125,2409,2409,25372413632.0,50,0.19915992227967447,19.915992227967447
2012-10-19,103604324257.25,2413,2413,19550371312.0,50,0.18870227137871523,18.870227137871524
2012-10-22,97018965269.5625,2413,2413,19785754688.0,50,0.2039369790537988,20.393697905379877
2012-10-23,109011993297.5,2417,2417,20865180160.0,50,0.1914026111150699,19.14026111150699
2012-10-24,97198398258.71875,2414,2414,18382830608.0,50,0.1891268882751476,18.91268882751476
2012-10-25,105468885383.375,2413,2413,20608888976.0,50,0.19540254835430892,19.540254835430893
2012-10-26,101625029509.5625,2416,2416,20468269376.0,50,0.20140972627293574,20.140972627293575
2012-10-29,73041959332.59375,2417,2417,17486463184.0,50,0.23940298622571257,23.94029862257126
2012-10-30,79955114996.53125,2416,2416,18732290576.0,50,0.23428508078329544,23.428508078329543
2012-10-31,79786860421.03125,2415,2415,18847455696.0,50,0.23622255088798988,23.622255088798987
2012-11-01,116343743054.8125,2416,2416,26466664192.0,50,0.22748678611389425,22.748678611389426
2012-11-02,103400584294.8125,2419,2419,22202198784.0,50,0.21472024491368238,21.472024491368238
2012-11-05,100444091296.625,2415,2415,21127886928.0,50,0.21034474656758545,21.034474656758544
2012-11-06,103360005752.75,2415,2415,23571471920.0,50,0.22805215371587628,22.80521537158763
2012-11-07,88479512283.0,2415,2415,22745348160.0,50,0.25706909512847953,25.706909512847954
2012-11-08,93669765104.625,2419,2419,18745871584.0,50,0.20012724023660877,20.012724023660876
2012-11-09,73795508464.0,2419,2419,15638194624.0,50,0.21191255334501627,21.191255334501626
2012-11-12,79140267077.0,2416,2416,18521190656.0,50,0.23402992357834346,23.402992357834346
2012-11-13,84313512054.1875,2419,2419,18492353632.0,50,0.21932847038936223,21.932847038936224
2012-11-14,70762087115.3125,2418,2418,15431644576.0,50,0.21807786068905652,21.807786068905653
2012-11-15,71418556764.25,2420,2420,15697938000.0,50,0.2198019493983659,21.98019493983659
2012-11-16,69752909220.0,2418,2418,15919574256.0,50,0.22822810451948058,22.822810451948058
2012-11-19,68103857607.78125,2417,2417,18321649904.0,50,0.26902514112367476,26.902514112367477
2012-11-20,65598740695.125,2415,2415,15648596128.0,50,0.23855025206547803,23.855025206547804
2012-11-21,77648323425.5625,2417,2417,17744629664.0,50,0.22852559953867999,22.852559953868
2012-11-22,65937039627.5,2414,2414,15666363968.0,50,0.23759580436890157,23.759580436890158
2012-11-23,69489537358.9375,2410,2410,17803612976.0,50,0.25620566278975465,25.620566278975467
2012-11-26,62548782722.375,2410,2410,14909065984.0,50,0.2383590109207148,23.83590109207148
2012-11-27,75826127189.625,2409,2409,14795761856.0,50,0.19512748975031982,19.512748975031982
2012-11-28,65318743962.375,2411,2411,15221366752.0,50,0.23303214098494965,23.303214098494966
2012-11-29,63128375892.3125,2411,2411,16420683520.0,50,0.2601157290662952,26.01157290662952
2012-11-30,67962076595.84375,2404,2404,17774183984.0,50,0.2615309136255408,26.153091362554083
2012-12-03,76534432930.25,2401,2401,22786882000.0,50,0.2977337275206171,29.77337275206171
2012-12-04,78876512038.65625,2402,2402,20352470800.0,50,0.25802954864466554,25.802954864466553
2012-12-05,146598632441.3125,2400,2400,41716457568.0,50,0.28456239238589254,28.456239238589255
2012-12-06,101963834750.625,2406,2406,28022148064.0,50,0.2748243838860546,27.482438388605463
2012-12-07,144290761888.375,2400,2400,38447390016.0,50,0.26645773792325905,26.645773792325905
2012-12-10,148878870576.1875,2395,2395,34688044096.0,50,0.2329950782253462,23.299507822534622
2012-12-11,123320195753.90625,2402,2402,27583913440.0,50,0.22367717851377367,22.367717851377368
2012-12-12,104497654785.75,2400,2400,24962621216.0,50,0.23888211909808402,23.8882119098084
2012-12-13,95973879327.125,2397,2397,22854957888.0,50,0.23813727285211994,23.813727285211993
2012-12-14,203122535846.25,2401,2401,51326392608.0,50,0.25268684439254246,25.268684439254248
2012-12-17,193815821364.5,2398,2398,46909182720.0,50,0.24202968771976657,24.202968771976657
2012-12-18,175053343144.5,2398,2398,46164670560.0,50,0.26371773158249706,26.371773158249706
2012-12-19,138328436591.25,2401,2401,37306958272.0,50,0.26969840179889565,26.969840179889566
2012-12-20,147143674552.9375,2405,2405,37620170112.0,50,0.2556696387140005,25.56696387140005
2012-12-21,161760401125.25,2406,2406,38749333344.0,50,0.2395477080574043,23.95477080574043
2012-12-24,133827869193.0,2400,2400,32669295904.0,50,0.24411429473547053,24.411429473547052
2012-12-25,214663356279.625,2398,2398,48751448320.0,50,0.22710652234699685,22.710652234699687
2012-12-26,191382736551.26562,2396,2396,36573042784.0,50,0.19109896453070724,19.109896453070725
2012-12-27,195075960891.5,2398,2398,39315493120.0,50,0.2015394051646734,20.15394051646734
2012-12-28,172131058464.75,2396,2396,37488232800.0,50,0.21778889373225493,21.778889373225493
2012-12-31,192214154432.4375,2400,2400,42089322112.0,50,0.21897098180037636,21.897098180037634
2013-01-04,206971413087.125,2404,2404,50790541888.0,50,0.24539882648730638,24.53988264873064
2013-01-07,181640460051.4375,2395,2395,38394531200.0,50,0.21137653576261214,21.137653576261215
2013-01-08,209009605191.5,2390,2390,39725310304.0,50,0.1900645200855848,19.00645200855848
2013-01-09,206739324668.25,2394,2394,40641814816.0,50,0.196584829137935,19.658482913793502
2013-01-10,187557656582.5,2385,2385,36753904768.0,50,0.19596056720741364,19.596056720741366
2013-01-11,202640989698.25,2386,2386,37932309856.0,50,0.18718971868665119,18.71897186866512
2013-01-14,242059707377.5,2392,2392,50123920448.0,50,0.20707254830243232,20.707254830243233
2013-01-15,278397608202.75,2389,2389,50165475840.0,50,0.18019363084278275,18.019363084278275
2013-01-16,254513343835.75,2389,2389,49256234560.0,50,0.19353104956173722,19.353104956173723
2013-01-17,196406413183.03125,2389,2389,38997970816.0,50,0.19855752255736053,19.855752255736054
2013-01-18,203132686028.5,2394,2394,40290376192.0,50,0.19834511609001795,19.834511609001794
2013-01-21,215949229075.25,2395,2395,44437408160.0,50,0.2057771095099176,20.577710950991758
2013-01-22,235287288390.25,2401,2401,56937981952.0,50,0.24199344699643127,24.199344699643127
2013-01-23,184799704356.625,2399,2399,39513635712.0,50,0.21381871713250633,21.381871713250632
2013-01-24,247422318078.25,2399,2399,60950668672.0,50,0.2463426466351499,24.63426466351499
2013-01-25,151070862625.625,2394,2394,34582529536.0,50,0.2289159466951639,22.89159466951639
2013-01-28,206714134943.375,2390,2390,57292141280.0,50,0.2771563797303652,27.71563797303652
2013-01-29,228945526816.0,2390,2390,63342749376.0,50,0.27667170552280584,27.667170552280584
2013-01-30,225983768738.0,2395,2395,58209934848.0,50,0.2575845830568795,25.75845830568795
2013-01-31,208953635833.0,2401,2401,49988768256.0,50,0.23923378053087357,23.923378053087358
2013-02-01,221707159251.5,2401,2401,64051429632.0,50,0.28890104337741024,28.890104337741025
2013-02-04,261662230532.25,2402,2402,74019220864.0,50,0.28288079908757446,28.288079908757446
2013-02-05,216776162445.03125,2406,2406,58256348992.0,50,0.2687396452401554,26.87396452401554
2013-02-06,186349906462.67188,2405,2405,47911373248.0,50,0.2571043589850002,25.710435898500023
2013-02-07,189086421632.25,2405,2405,56892513984.0,50,0.3008810124644962,30.08810124644962
2013-02-08,184318751878.875,2419,2419,46265235328.0,50,0.2510066656614688,25.100666566146877
2013-02-18,197288106252.0,2417,2417,42973152160.0,50,0.2178192744427763,21.78192744427763
2013-02-19,200029316271.5,2412,2412,43461381248.0,50,0.21727505776708161,21.72750577670816
2013-02-20,189213257476.0,2413,2413,40680337120.0,50,0.21499728751913663,21.499728751913665
2013-02-21,239198065242.25,2414,2414,56225381056.0,50,0.2350578421236695,23.50578421236695
2013-02-22,170920483192.25,2411,2411,38968139232.0,50,0.22798987285900044,22.798987285900044
2013-02-25,156508173854.5,2408,2408,32418070944.0,50,0.20713340489256435,20.713340489256435
2013-02-26,203481135465.0,2409,2409,48795399520.0,50,0.23980306286620415,23.980306286620415
2013-02-27,169562188278.75,2409,2409,40901130176.0,50,0.241216102429399,24.1216102429399
2013-02-28,214098379167.0,2407,2407,56072646464.0,50,0.26190131229467406,26.190131229467404
2013-03-01,219473750046.75,2403,2403,48895395776.0,50,0.22278471008758366,22.278471008758366
2013-03-04,272405411259.5,2394,2394,67321694784.0,50,0.2471378761263583,24.71378761263583
2013-03-05,219804896391.25,2397,2397,58966961056.0,50,0.26826955188040735,26.826955188040735
2013-03-06,250515985901.5,2397,2397,55753710656.0,50,0.2225555006215121,22.25555006215121
2013-03-07,248396483771.25,2396,2396,55105002688.0,50,0.22184292567823372,22.18429256782337
2013-03-08,173342840664.6875,2399,2399,39432845728.0,50,0.22748470935859685,22.748470935859686
2013-03-11,143408355507.5,2401,2401,32558217312.0,50,0.2270315226527876,22.70315226527876
2013-03-12,194136748569.5,2401,2401,40238358144.0,50,0.2072681161114371,20.72681161114371
2013-03-13,145520949897.875,2400,2400,33635121952.0,50,0.23113594280139566,23.113594280139566
2013-03-14,128672665909.375,2402,2402,30660860608.0,50,0.2382857337361351,23.82857337361351
2013-03-15,181777442053.125,2401,2401,50116563008.0,50,0.27570287293047774,27.570287293047773
2013-03-18,150650866036.25,2398,2398,39570030208.0,50,0.262660489442381,26.2660489442381
2013-03-19,141659112248.75,2405,2405,34845230400.0,50,0.2459794491639381,24.59794491639381
2013-03-20,198864400426.75,2404,2404,56313739872.0,50,0.28317657535061275,28.317657535061276
2013-03-21,195846449921.375,2405,2405,44190391040.0,50,0.2256379477786847,22.56379477786847
2013-03-22,163987214619.75,2405,2405,35153865568.0,50,0.21436955100136326,21.436955100136327
2013-03-25,162019957645.0,2392,2392,38420603136.0,50,0.23713500296169024,23.713500296169023
2013-03-26,168694891867.875,2394,2394,41681472704.0,50,0.24708200848574424,24.708200848574425
2013-03-27,159335017829.0,2396,2396,35804135872.0,50,0.22470977415915797,22.470977415915797
2013-03-28,189645774347.75,2392,2392,52031294176.0,50,0.27436041933943206,27.436041933943205
2013-03-29,134161327495.125,2389,2389,35346122432.0,50,0.2634598441438675,26.345984414386752
2013-04-01,130987346316.5,2397,2397,28682705984.0,50,0.21897310534633638,21.897310534633636
2013-04-02,153389686296.625,2392,2392,34450218112.0,50,0.22459279332105916,22.459279332105915
2013-04-03,134348441233.625,2392,2392,28744005472.0,50,0.2139511646585885,21.395116465858848
2013-04-08,144257723693.0,2387,2387,36042352256.0,50,0.24984694984306707,24.984694984306707
2013-04-09,138677974379.9375,2391,2391,33491009504.0,50,0.24150200962875568,24.150200962875566
2013-04-10,136827253881.125,2390,2390,33393607872.0,50,0.24405669868235635,24.405669868235634
2013-04-11,118300007135.0625,2391,2391,27002093056.0,50,0.2282509841708788,22.82509841708788
2013-04-12,110350945549.5,2391,2391,27760171072.0,50,0.2515626026924042,25.15626026924042
2013-04-15,110220762120.3125,2391,2391,25500267456.0,50,0.23135629771970678,23.135629771970677
2013-04-16,121139553682.0625,2394,2394,33125789888.0,50,0.27345147708683554,27.345147708683555
2013-04-17,118214296717.75,2389,2389,31473218016.0,50,0.266238677468478,26.6238677468478
2013-04-18,124372687959.25,2385,2385,33448462464.0,50,0.2689373608694475,26.89373608694475
2013-04-19,180957841887.40625,2386,2386,48354392960.0,50,0.267213581106292,26.7213581106292
2013-04-22,170941946856.5,2386,2386,39391460256.0,50,0.23043764845540107,23.043764845540107
2013-04-23,169344298217.8125,2385,2385,40834624192.0,50,0.24113374126997802,24.1133741269978
2013-04-24,169552757289.75,2384,2384,40505904320.0,50,0.2388985290919165,23.88985290919165
2013-04-25,183494496954.625,2386,2386,41321051072.0,50,0.22518959291851667,22.51895929185167
2013-04-26,138261072367.375,2380,2380,30385817984.0,50,0.2197713171445793,21.97713171445793
2013-05-02,120101051310.625,2379,2379,30011297696.0,50,0.24988372182005192,24.988372182005193
2013-05-03,160109048003.625,2394,2394,39171295424.0,50,0.24465385256124395,24.465385256124396
2013-05-06,175298450726.625,2392,2392,37862465920.0,50,0.21598859409799281,21.59885940979928
2013-05-07,165562341257.625,2395,2395,36613961824.0,50,0.2211490943283199,22.11490943283199
2013-05-08,174928756391.75,2391,2391,39506836128.0,50,0.22584529235161946,22.584529235161945
2013-05-09,199262343566.25,2395,2395,42463753824.0,50,0.2131047596049266,21.31047596049266
2013-05-10,178820191360.125,2395,2395,33719596608.0,50,0.18856705359459264,18.856705359459262
2013-05-13,168680019275.375,2385,2385,33936437536.0,50,0.2011882479133334,20.11882479133334
2013-05-14,162922950187.875,2388,2388,34635539936.0,50,0.21258846525955946,21.258846525955946
2013-05-15,153783334077.875,2389,2389,31790397152.0,50,0.20672199196761806,20.672199196761806
2013-05-16,222692801296.0,2386,2386,47257486624.0,50,0.21220931412680036,21.220931412680034
2013-05-17,230434470055.375,2383,2383,42846185216.0,50,0.18593652766317367,18.593652766317366
2013-05-20,273410381887.5,2376,2376,50312037184.0,50,0.18401655722313376,18.401655722313375
2013-05-21,254218003794.25,2382,2382,45275101696.0,50,0.17809557553068966,17.809557553068966
2013-05-22,251293854205.0,2384,2384,42577618848.0,50,0.16943358596134275,16.943358596134274
2013-05-23,231694469750.5,2385,2385,46273651424.0,50,0.19971841137956267,19.971841137956268
2013-05-24,198900428522.5,2381,2381,36516672896.0,50,0.1835927311331517,18.35927311331517
2013-05-27,221214684452.25,2375,2375,39357828064.0,50,0.17791688721503265,17.791688721503267
2013-05-28,246228835513.75,2375,2375,47856050752.0,50,0.19435599673835766,19.435599673835764
2013-05-29,231096002989.5,2378,2378,43416745984.0,50,0.1878732017099087,18.78732017099087
2013-05-30,217576655444.5,2379,2379,40725552256.0,50,0.1871779496416994,18.71779496416994
2013-05-31,215623294829.75,2378,2378,36024027136.0,50,0.16706927312488914,16.706927312488915
2013-06-03,198435578061.8125,2375,2375,34607705952.0,50,0.17440272702115814,17.440272702115813
2013-06-04,196257137321.25,2380,2380,35415639104.0,50,0.18045529241583066,18.045529241583065
2013-06-05,149204743700.875,2379,2379,28998916896.0,50,0.19435653436151398,19.435653436151398
2013-06-06,158415897065.75,2381,2381,33161221536.0,50,0.2093301376328194,20.93301376328194
2013-06-07,169472476941.5,2374,2374,34872383808.0,50,0.2057701901650824,20.577019016508242
2013-06-13,160033990775.25,2365,2365,35209832896.0,50,0.2200147151579086,22.00147151579086
2013-06-14,152401902100.5,2370,2370,32864534912.0,50,0.21564386309514558,21.564386309514557
2013-06-17,160710907796.125,2361,2361,33804300192.0,50,0.210342288868678,21.0342288868678
2013-06-18,141794955832.25,2363,2363,31276750240.0,50,0.22057731219297988,22.057731219297988
2013-06-19,145794822179.0,2365,2365,31382457664.0,50,0.215250838095403,21.5250838095403
2013-06-20,145045777233.75,2359,2359,31831074016.0,50,0.2194553652168881,21.945536521688812
2013-06-21,141137912841.25,2363,2363,32222567424.0,50,0.22830554012969928,22.830554012969927
2013-06-24,175960833076.0,2362,2362,42018742464.0,50,0.23879599641274432,23.87959964127443
2013-06-25,209308002258.75,2362,2362,49539971584.0,50,0.23668455601022778,23.668455601022778
2013-06-26,178675848855.0,2361,2361,41144271808.0,50,0.2302732690045291,23.02732690045291
2013-06-27,185583270209.5,2365,2365,39374749248.0,50,0.21216755801075657,21.216755801075657
2013-06-28,157702901563.75,2369,2369,38715474816.0,50,0.24549627452700742,24.549627452700744
2013-07-01,139842210637.25,2372,2372,31368625728.0,50,0.22431442970656448,22.431442970656448
2013-07-02,170342382474.875,2372,2372,36323525056.0,50,0.21323832934741072,21.32383293474107
2013-07-03,176003202341.375,2375,2375,37721504448.0,50,0.2143228301882573,21.43228301882573
2013-07-04,186621107388.75,2368,2368,37666467008.0,50,0.2018339057946809,20.183390579468092
2013-07-05,167179574255.625,2368,2368,35959560032.0,50,0.2150954157654226,21.50954157654226
2013-07-08,147407001526.75,2363,2363,30679015264.0,50,0.20812454595945817,20.812454595945816
2013-07-09,114779016731.5,2362,2362,26562189408.0,50,0.2314202557610015,23.14202557610015
2013-07-10,156038883608.75,2364,2364,35617404096.0,50,0.22825979827763088,22.82597982776309
2013-07-11,250199330466.25,2368,2368,64479215872.0,50,0.25771138456622594,25.771138456622595
2013-07-12,213757618458.0,2367,2367,52179551520.0,50,0.2441061605027774,24.41061605027774
2013-07-15,199842600045.125,2362,2362,46007175840.0,50,0.230217059974257,23.021705997425702
2013-07-16,194946091552.25,2361,2361,36826969792.0,50,0.18890847976877512,18.890847976877513
2013-07-17,199215502252.25,2362,2362,37065490528.0,50,0.186057260147692,18.6057260147692
2013-07-18,176014165928.625,2358,2358,35942242560.0,50,0.2042008515074567,20.42008515074567
2013-07-19,206218847819.5,2364,2364,43659890432.0,50,0.2117162950605504,21.17162950605504
2013-07-22,163862220440.375,2354,2354,35654145984.0,50,0.2175861274684336,21.758612746843358
2013-07-23,216399192200.125,2355,2355,45429296000.0,50,0.2099328354145943,20.99328354145943
2013-07-24,225117894659.625,2355,2355,48444827776.0,50,0.21519758724311044,21.519758724311046
2013-07-25,209556525238.0,2358,2358,41722668288.0,50,0.19909982874842116,19.909982874842118
2013-07-26,158947734739.8125,2356,2356,32465461312.0,50,0.2042524315627645,20.42524315627645
2013-07-29,156905774072.125,2355,2355,33450360288.0,50,0.21318756741624975,21.318756741624973
2013-07-30,155034226752.875,2357,2357,33654347392.0,50,0.21707688745173107,21.707688745173108
2013-07-31,141975661629.5,2360,2360,30653325440.0,50,0.21590549456281447,21.590549456281448
2013-08-01,184231574264.5,2359,2359,35653123168.0,50,0.19352341372718804,19.352341372718804
2013-08-02,195823569238.45312,2365,2365,33081419264.0,50,0.1689348191979739,16.89348191979739
2013-08-05,174294498091.375,2359,2359,28701499872.0,50,0.16467243766325346,16.467243766325346
2013-08-06,208494545595.39062,2357,2357,38058300704.0,50,0.18253859157474953,18.253859157474952
2013-08-07,211015251037.75,2350,2350,38854260160.0,50,0.18413010419350725,18.413010419350726
2013-08-08,169395976337.89062,2348,2348,31975592032.0,50,0.18876240583317608,18.876240583317607
2013-08-09,188775965642.875,2353,2353,36826213088.0,50,0.19507892841437008,19.50789284143701
2013-08-12,238899337631.6875,2348,2348,53288196672.0,50,0.22305711351177843,22.30571135117784
2013-08-13,200339821385.5,2347,2347,41752706720.0,50,0.20840942370442753,20.840942370442754
2013-08-14,208423314331.125,2350,2350,41199395200.0,50,0.1976717208063679,19.76717208063679
2013-08-15,186593207103.625,2348,2348,34772874048.0,50,0.18635659136663427,18.635659136663428
2013-08-16,244453372463.5,2349,2349,60263179584.0,50,0.24652218530140368,24.652218530140367
2013-08-19,173814087803.25,2346,2346,42529394176.0,50,0.24468324008432174,24.468324008432173
2013-08-20,191314355961.625,2354,2354,41502953696.0,50,0.21693590889919895,21.693590889919896
2013-08-21,167682268559.25,2357,2357,34071875744.0,50,0.20319307483582147,20.319307483582147
2013-08-22,179138996759.75,2354,2354,35490221696.0,50,0.19811555461370178,19.81155546137018
2013-08-23,217546834525.25,2357,2357,46201083488.0,50,0.21237304412552865,21.237304412552866
2013-08-26,210685132916.6875,2359,2359,41904207232.0,50,0.19889494171651131,19.88949417165113
2013-08-27,213877346493.0,2356,2356,40535015808.0,50,0.18952458721160856,18.952458721160856
2013-08-28,259827521281.375,2354,2354,51601018752.0,50,0.19859720208822573,19.859720208822573
2013-08-29,208772679402.5,2356,2356,41181781920.0,50,0.1972565665098556,19.72565665098556
2013-08-30,256928105280.375,2360,2360,49734521408.0,50,0.1935736900162276,19.35736900162276
2013-09-02,215888215927.25,2355,2355,51024692224.0,50,0.23634774137553807,23.63477413755381
2013-09-03,215216656521.75,2361,2361,47536964160.0,50,0.22087957748379883,22.087957748379882
2013-09-04,221935305413.25,2362,2362,51680569984.0,50,0.2328632206028206,23.28632206028206
2013-09-05,213038402352.5,2365,2365,46338284224.0,50,0.21751141443187894,21.751141443187894
2013-09-06,222411409710.25,2364,2364,49275910720.0,50,0.22155298050668792,22.155298050668794
2013-09-09,310082065617.0,2359,2359,84320424832.0,50,0.2719293831593245,27.19293831593245
2013-09-10,324728467544.25,2359,2359,83888993792.0,50,0.25833581646354625,25.833581646354624
2013-09-11,343198944692.5,2358,2358,82219821376.0,50,0.23956898075449345,23.956898075449345
2013-09-12,277595044949.5,2355,2355,81827214272.0,50,0.29477188357913947,29.477188357913946
2013-09-13,245247452094.75,2353,2353,65162377600.0,50,0.2657005283578843,26.57005283578843
2013-09-16,241347586350.0,2353,2353,70727654400.0,50,0.2930530836029635,29.30530836029635
2013-09-17,237058196476.625,2355,2355,67471966688.0,50,0.2846219522920104,28.462195229201043
2013-09-18,191589392802.25,2355,2355,52522605088.0,50,0.27414150814816496,27.414150814816495
2013-09-23,235803771068.0,2352,2352,59503595264.0,50,0.25234369660203876,25.234369660203875
2013-09-24,272130723397.25,2356,2356,70413616896.0,50,0.25874923645872894,25.874923645872894
2013-09-25,271197442712.0,2352,2352,67141029888.0,50,0.2475725036954013,24.75725036954013
2013-09-26,240781625406.75,2353,2353,60847997248.0,50,0.2527103018978715,25.27103018978715
2013-09-27,193411909842.375,2359,2359,52049521696.0,50,0.26911228857839636,26.911228857839635
2013-09-30,178588869915.65625,2364,2364,47623784576.0,50,0.2666671478378899,26.66671478378899
2013-10-08,236586328004.375,2366,2366,63192631040.0,50,0.26710178721245226,26.710178721245224
2013-10-09,244907602909.0625,2362,2362,54768019264.0,50,0.2236272725446425,22.36272725446425
2013-10-10,278531601391.375,2365,2365,67137953152.0,50,0.24104249864869728,24.10424986486973
2013-10-11,277752390835.125,2366,2366,62618131520.0,50,0.22544587764564153,22.544587764564152
2013-10-14,299058439037.125,2359,2359,59245202112.0,50,0.19810576923611015,19.810576923611016
2013-10-15,284714100998.6875,2357,2357,54167611456.0,50,0.19025264736097391,19.02526473609739
2013-10-16,275708024961.5,2354,2354,56733947072.0,50,0.20577546511358294,20.577546511358292
2013-10-17,234909472582.25,2356,2356,49332028608.0,50,0.21000442453731677,21.000442453731676
2013-10-18,193140877757.3125,2360,2360,42767852864.0,50,0.22143346017997875,22.143346017997874
2013-10-21,261242106983.25,2356,2356,52842541504.0,50,0.20227421266123877,20.227421266123876
2013-10-22,293113338962.375,2356,2356,59410424768.0,50,0.20268755075532785,20.268755075532784
2013-10-23,262469524796.0,2360,2360,53027571712.0,50,0.20203325225362748,20.203325225362747
2013-10-24,184338307953.0,2364,2364,38598801984.0,50,0.20939110493431123,20.939110493431123
2013-10-25,207804265126.25,2350,2350,48299702496.0,50,0.23242883136520734,23.242883136520735
2013-10-28,167668128556.5,2354,2354,37697996736.0,50,0.22483698637631486,22.483698637631484
2013-10-29,243712571422.75,2357,2357,59837265536.0,50,0.24552391855159889,24.55239185515989
2013-10-30,192526933033.0,2360,2360,49350646656.0,50,0.25633113185021794,25.633113185021795
2013-10-31,183323846216.5,2351,2351,44238594592.0,50,0.2413139125379005,24.13139125379005
2013-11-01,155239667297.75,2352,2352,39306807648.0,50,0.25320079804480294,25.320079804480294
2013-11-04,138273629301.75,2346,2346,32100237760.0,50,0.2321501064382183,23.215010643821827
2013-11-05,163936471103.75,2351,2351,37496452224.0,50,0.22872550550554263,22.872550550554262
2013-11-06,185178366915.25,2352,2352,40532072512.0,50,0.2188812504786274,21.88812504786274
2013-11-07,149136260012.25,2353,2353,33925834432.0,50,0.22748213230781933,22.748213230781932
2013-11-08,144071403250.125,2358,2358,34285531680.0,50,0.23797596821123662,23.797596821123662
2013-11-11,124827208919.0,2351,2351,29166681600.0,50,0.23365644279466483,23.365644279466483
2013-11-12,143690921293.125,2358,2358,35085221568.0,50,0.24417145670899584,24.417145670899583
2013-11-13,148626123914.25,2356,2356,35228707072.0,50,0.23702903732001543,23.70290373200154
2013-11-14,156957066229.625,2352,2352,37819192032.0,50,0.24095246515802793,24.095246515802792
2013-11-15,228739894988.0,2352,2352,52343093952.0,50,0.22883237729363295,22.883237729363294
2013-11-18,268327945288.375,2345,2345,68829969408.0,50,0.2565143534864685,25.65143534864685
2013-11-19,230853385623.9375,2347,2347,54351708384.0,50,0.23543821216700492,23.543821216700493
2013-11-20,211538772374.625,2346,2346,48092378464.0,50,0.22734545503947007,22.734545503947007
2013-11-21,238799968175.75,2344,2344,56410520640.0,50,0.23622499228510557,23.622499228510556
2013-11-22,207085822117.625,2339,2339,50679006624.0,50,0.24472465621144388,24.472465621144387
2013-11-25,198115811680.625,2339,2339,46488349248.0,50,0.2346523927274523,23.46523927274523
2013-11-26,185469725015.75,2341,2341,38035970720.0,50,0.20507913470389846,20.507913470389845
2013-11-27,220711320367.5,2340,2340,49788181888.0,50,0.2255805538433604,22.55805538433604
2013-11-28,249135336258.5,2337,2337,48635286912.0,50,0.19521633358961404,19.521633358961406
2013-11-29,227721754818.25,2338,2338,41018400864.0,50,0.18012508684880693,18.012508684880693
2013-12-02,304034475924.5,2338,2338,70315135424.0,50,0.23127355938890679,23.127355938890677
2013-12-03,212076240539.75,2343,2343,44834133216.0,50,0.21140573362623627,21.140573362623627
2013-12-04,267969548933.75,2344,2344,52287226048.0,50,0.1951237603528114,19.51237603528114
2013-12-05,221052784827.5,2344,2344,45889133056.0,50,0.207593553240281,20.7593553240281
2013-12-06,187356319787.625,2345,2345,40949782016.0,50,0.2185663235828822,21.85663235828822
2013-12-09,180716557611.25,2340,2340,37583883296.0,50,0.2079714431969698,20.79714431969698
2013-12-10,196855641004.125,2344,2344,38080984320.0,50,0.19344624378430708,19.34462437843071
2013-12-11,188238724817.0,2348,2348,40713233216.0,50,0.2162851095362029,21.62851095362029
2013-12-12,167421978200.75,2343,2343,33662180512.0,50,0.2010618968534515,20.10618968534515
2013-12-13,163369175237.0,2344,2344,31627141216.0,50,0.19359307635677564,19.359307635677563
2013-12-16,187005691770.25,2344,2344,36665468192.0,50,0.19606605470087068,19.606605470087068
2013-12-17,149420028328.875,2343,2343,30121944736.0,50,0.20159241751514925,20.159241751514926
2013-12-18,128627923082.625,2338,2338,26055227904.0,50,0.20256276615197505,20.256276615197503
2013-12-19,138058729811.8125,2340,2340,30806159808.0,50,0.22313807935211194,22.313807935211194
2013-12-20,150505247539.875,2345,2345,36004697856.0,50,0.2392255316311206,23.92255316311206
2013-12-23,129706980928.5,2342,2342,27909632448.0,50,0.21517448211507578,21.517448211507578
2013-12-24,138791111576.75,2348,2348,28832872032.0,50,0.20774292895590601,20.7742928955906
2013-12-25,144591898408.0,2348,2348,28121069312.0,50,0.19448578808094627,19.448578808094627
2013-12-26,160694462618.0,2351,2351,29536869216.0,50,0.18380763552639967,18.380763552639966
2013-12-27,159809909036.875,2350,2350,30228219264.0,50,0.18915109486123952,18.915109486123953
2013-12-30,158686817311.8125,2351,2351,28679568064.0,50,0.1807306274701189,18.07306274701189
2013-12-31,161464906660.0,2350,2350,35180880288.0,50,0.2178856137580478,21.78856137580478
2014-01-02,157748306725.75,2352,2352,27517860448.0,50,0.17444155832265507,17.44415583226551
2014-01-03,182686735964.125,2343,2343,34299434720.0,50,0.18775000023392793,18.775000023392792
2014-01-06,178159710752.625,2344,2344,35117931392.0,50,0.19711488778044378,19.711488778044377
2014-01-07,139270081108.3125,2349,2349,26226308256.0,50,0.18831257975360402,18.8312579753604
2014-01-08,173695590082.4375,2345,2345,33689891872.0,50,0.19395939675849266,19.395939675849267
2014-01-09,179974069893.25,2346,2346,35988749568.0,50,0.19996630397560272,19.99663039756027
2014-01-10,146943621376.625,2341,2341,28308598752.0,50,0.19264938815849258,19.26493881584926
2014-01-13,134765533322.625,2340,2340,27691505216.0,50,0.2054791350078161,20.547913500781608
2014-01-14,144620941807.75,2340,2340,27524618496.0,50,0.19032249515142488,19.03224951514249
2014-01-15,153610929977.125,2341,2341,27391468128.0,50,0.17831718180522055,17.831718180522056
2014-01-16,160825276470.5625,2336,2336,29356505408.0,50,0.1825366388434185,18.25366388434185
2014-01-17,143440671484.75,2340,2340,28960359456.0,50,0.2018978240706224,20.18978240706224
2014-01-20,134493521482.5,2343,2343,25506012576.0,50,0.18964491593982677,18.964491593982675
2014-01-21,147219949413.375,2356,2356,30226640448.0,50,0.2053161991186902,20.53161991186902
2014-01-22,212782778448.5,2360,2360,40632063360.0,50,0.19095560108890208,19.095560108890208
2014-01-23,209394538237.375,2370,2370,39984218624.0,50,0.19095158336304296,19.095158336304298
2014-01-24,224496147410.75,2373,2373,36464008704.0,50,0.16242598870653902,16.2425988706539
2014-01-27,217329547759.0,2379,2379,41101038304.0,50,0.18911850104053757,18.911850104053755
2014-01-28,175092012322.125,2389,2389,31976569824.0,50,0.18262723353233956,18.262723353233955
2014-01-29,178688873650.875,2392,2392,35205863136.0,50,0.1970232528567265,19.70232528567265
2014-01-30,156541201797.0,2397,2397,31507974112.0,50,0.2012759180989233,20.12759180989233
2014-02-07,180036112986.0,2394,2394,32878668768.0,50,0.1826226317747524,18.26226317747524
2014-02-10,287635586864.875,2387,2387,42396881408.0,50,0.14739789978740406,14.739789978740406
2014-02-11,306590124479.375,2385,2385,49962020480.0,50,0.16296030592910066,16.296030592910064
2014-02-12,277857050863.25,2388,2388,41568949440.0,50,0.14960552309489009,14.960552309489008
2014-02-13,299852187235.25,2380,2380,50914296064.0,50,0.1697979812435219,16.97979812435219
2014-02-14,243466672664.75,2373,2373,36916263648.0,50,0.15162758518014147,15.162758518014147
2014-02-17,307705194145.5,2370,2370,44055577216.0,50,0.14317462965921884,14.317462965921884
2014-02-18,315807072221.625,2370,2370,46499666944.0,50,0.14724073978738442,14.724073978738442
2014-02-19,301972856309.0,2375,2375,47741944256.0,50,0.1581001181349461,15.81001181349461
2014-02-20,295405429029.75,2367,2367,46789176960.0,50,0.15838969890864094,15.838969890864094
2014-02-21,230547756659.25,2373,2373,36210974336.0,50,0.15706496068630105,15.706496068630106
2014-02-24,254070056934.0,2374,2374,42552876576.0,50,0.16748481536749527,16.748481536749527
2014-02-25,330408381420.75,2375,2375,50420751360.0,50,0.1526013085478997,15.260130854789969
2014-02-26,236532163032.25,2369,2369,41677331552.0,50,0.1762015407025957,17.62015407025957
2014-02-27,271378435032.25,2374,2374,48072083648.0,50,0.17714039673892004,17.714039673892003
2014-02-28,227793441151.5,2380,2380,41389828064.0,50,0.1816989455656566,18.169894556565662
2014-03-03,239294904690.4375,2377,2377,39507455168.0,50,0.1650994417081659,16.50994417081659
2014-03-04,239250175853.875,2383,2383,41232274176.0,50,0.1723395773016406,17.23395773016406
2014-03-05,217963111475.375,2385,2385,32822514208.0,50,0.15058747320052007,15.058747320052007
2014-03-06,219506717904.875,2376,2376,37352827904.0,50,0.17016712864426842,17.016712864426843
2014-03-07,214254867646.0,2377,2377,36106615200.0,50,0.16852179647865326,16.852179647865327
2014-03-10,217081906121.25,2380,2380,35143977120.0,50,0.16189270560564595,16.189270560564594
2014-03-11,179864848291.25,2377,2377,31426127168.0,50,0.17472078322448292,17.472078322448294
2014-03-12,184712768757.25,2374,2374,37042883136.0,50,0.20054316431519606,20.054316431519606
2014-03-13,171524542477.25,2369,2369,33128413056.0,50,0.1931409498462528,19.314094984625278
2014-03-14,159500521831.0,2368,2368,29558051776.0,50,0.1853163327410205,18.53163327410205
2014-03-17,173111675370.75,2367,2367,27369135424.0,50,0.15810103717952034,15.810103717952034
2014-03-18,200410839209.75,2369,2369,32120122880.0,50,0.1602713855530692,16.02713855530692
2014-03-19,190779116304.5,2367,2367,31328217696.0,50,0.16421198663064068,16.421198663064068
2014-03-20,207052117727.0,2370,2370,32985867968.0,50,0.1593119081809738,15.93119081809738
2014-03-21,225253450725.125,2367,2367,45245253664.0,50,0.2008637537775722,20.08637537775722
2014-03-24,224483836921.25,2353,2353,44376985792.0,50,0.19768454780807965,19.768454780807964
2014-03-25,205239028785.75,2356,2356,36112946592.0,50,0.1759555519515661,17.59555519515661
2014-03-26,176481199530.5,2355,2355,31570158944.0,50,0.178886810765041,17.888681076504103
2014-03-27,200451211953.75,2352,2352,40594070112.0,50,0.20251346807205262,20.251346807205262
2014-03-28,202565549113.75,2354,2354,37606611648.0,50,0.18565156717187942,18.565156717187943
2014-03-31,147679553021.0,2341,2341,28181803200.0,50,0.19083077259850964,19.083077259850963
2014-04-01,137772633815.75,2341,2341,26324967328.0,50,0.19107544509315,19.107544509314998
2014-04-02,163634177927.125,2339,2339,33175044896.0,50,0.20273909348433683,20.273909348433683
2014-04-03,164698660921.0,2344,2344,32242086880.0,50,0.1957641106472952,19.57641106472952
2014-04-04,144307604740.5,2348,2348,26896380352.0,50,0.18638227971676338,18.63822797167634
2014-04-08,202031595236.375,2342,2342,46879625248.0,50,0.23204105869258368,23.204105869258367
2014-04-09,187929443205.625,2340,2340,33656208064.0,50,0.17908959602021862,17.908959602021863
2014-04-10,250313230740.5,2337,2337,60493234368.0,50,0.24167014340010418,24.167014340010418
2014-04-11,210783152091.375,2330,2330,51839839488.0,50,0.24593919852535134,24.593919852535134
2014-04-14,178284781900.125,2326,2326,34527495584.0,50,0.19366485022452604,19.366485022452604
2014-04-15,188085949945.75,2323,2323,37143607328.0,50,0.19748209442924047,19.748209442924047
2014-04-16,157773951060.875,2320,2320,30133673760.0,50,0.19099270543318853,19.099270543318852
2014-04-17,157017121153.25,2323,2323,29563692960.0,50,0.18828324416383607,18.82832441638361
2014-04-18,148564685600.875,2325,2325,28710712992.0,50,0.19325395450391544,19.325395450391543
2014-04-21,173730699001.0,2318,2318,30793022976.0,50,0.17724572083729861,17.72457208372986
2014-04-22,173788226279.25,2320,2320,32874207648.0,50,0.18916245566127354,18.916245566127355
2014-04-23,139142130688.75,2326,2326,27092144096.0,50,0.1947084176582217,19.47084176582217
2014-04-24,140963074893.75,2324,2324,26866560992.0,50,0.19059289826254497,19.059289826254496
2014-04-25,154926952961.75,2320,2320,32629988992.0,50,0.21061531494817454,21.061531494817455
2014-04-28,150501589524.75,2306,2306,27887103904.0,50,0.1852944144447987,18.52944144447987
2014-04-29,121165193223.5,2312,2312,24130999104.0,50,0.1991578477450056,19.915784774500562
2014-04-30,117654059174.875,2316,2316,24576449440.0,50,0.20888739081641727,20.888739081641727
2014-05-05,124541468543.25,2309,2309,24844838336.0,50,0.19949048800056535,19.949048800056534
2014-05-06,136967259816.75,2311,2311,24940302240.0,50,0.1820895174026837,18.20895174026837
2014-05-07,131493676340.5,2316,2316,23800909568.0,50,0.18100421427390975,18.100421427390977
2014-05-08,129124765523.0,2310,2310,24142757728.0,50,0.18697232579833523,18.69723257983352
2014-05-09,126148357762.375,2308,2308,23423222944.0,50,0.18567996729788747,18.567996729788746
2014-05-12,173208088003.25,2306,2306,34773817312.0,50,0.20076324213767385,20.076324213767386
2014-05-13,151702832080.375,2310,2310,31660029120.0,50,0.20869768010148898,20.8697680101489
2014-05-14,123925978574.5,2314,2314,24472474528.0,50,0.19747654857764949,19.74765485776495
2014-05-15,135051605218.0,2316,2316,22921115552.0,50,0.1697211633656689,16.972116336566888
2014-05-16,117795156027.125,2314,2314,21311728640.0,50,0.18092194415101834,18.092194415101833
2014-05-19,111213904478.375,2313,2313,24394503008.0,50,0.21934759976656867,21.934759976656867
2014-05-20,117618770068.125,2317,2317,22201366464.0,50,0.1887570023997099,18.875700239970993
2014-05-21,111367112603.25,2313,2313,20504639344.0,50,0.18411754480021975,18.411754480021976
2014-05-22,140892007765.75,2318,2318,25568292896.0,50,0.18147440228483633,18.14744022848363
2014-05-23,126258258561.25,2316,2316,24322881376.0,50,0.19264388447271796,19.264388447271795
2014-05-26,152486920521.375,2310,2310,27095239424.0,50,0.17768894100134902,17.7688941001349
2014-05-27,137482677746.8125,2313,2313,27104138592.0,50,0.19714584437986335,19.714584437986336
2014-05-28,169003255660.78125,2311,2311,32753770208.0,50,0.1938055576499809,19.38055576499809
2014-05-29,168281685397.53125,2310,2310,35357858496.0,50,0.2101111503160564,21.01111503160564
2014-05-30,148069071018.5,2309,2309,32647182432.0,50,0.22048617045703628,22.04861704570363
2014-06-03,138925723810.5,2308,2308,30307805216.0,50,0.21815833946880137,21.815833946880137
2014-06-04,136264222871.5,2313,2313,26256896032.0,50,0.19269104889521,19.269104889521
2014-06-05,138037748986.75,2304,2304,28490382688.0,50,0.20639559031591237,20.639559031591237
2014-06-06,141025276160.0,2304,2304,29430526400.0,50,0.208689727128133,20.8689727128133
2014-06-09,133156329465.625,2302,2302,28704665632.0,50,0.21557116922038813,21.557116922038812
2014-06-10,157673437248.625,2308,2308,35082380704.0,50,0.22250025949951782,22.250025949951784
2014-06-11,160042100787.625,2305,2305,30804634496.0,50,0.1924783187948625,19.24783187948625
2014-06-12,163928966355.375,2300,2300,32776101248.0,50,0.19994087669012695,19.994087669012693
2014-06-13,193254811080.5,2295,2295,37849194176.0,50,0.1958512389129292,19.58512389129292
2014-06-16,194155874286.75,2297,2297,37438580832.0,50,0.1928274432567862,19.282744325678618
2014-06-17,176139166309.75,2308,2308,34997151488.0,50,0.19869034367095656,19.869034367095654
2014-06-18,166895256382.5,2305,2305,32773948704.0,50,0.19637435727284427,19.637435727284426
2014-06-19,173961510542.375,2305,2305,32658167488.0,50,0.18773214480708278,18.773214480708276
2014-06-20,124887785185.5,2311,2311,24539681344.0,50,0.19649384691665714,19.649384691665713
2014-06-23,142634198476.5,2305,2305,25619797216.0,50,0.1796188956761379,17.961889567613788
2014-06-24,148973304657.25,2310,2310,29694021984.0,50,0.19932444978862793,19.932444978862794
2014-06-25,140126703488.3125,2300,2300,26044068928.0,50,0.185860855066588,18.5860855066588
2014-06-26,175982393997.375,2301,2301,29379672480.0,50,0.16694665763234381,16.694665763234383
2014-06-27,196059580580.25,2304,2304,33162855552.0,50,0.16914682492869032,16.914682492869034
2014-06-30,203014738034.5,2299,2299,33683671872.0,50,0.1659173722957781,16.59173722957781
2014-07-01,208544286777.75,2307,2307,38880017248.0,50,0.18643530277784712,18.643530277784713
2014-07-02,219257777578.75,2315,2315,37576823488.0,50,0.17138194094165562,17.138194094165563
2014-07-03,234634841232.0,2307,2307,37182622720.0,50,0.15847016804820951,15.847016804820951
2014-07-04,211987089136.6875,2301,2301,38408963776.0,50,0.18118539167842537,18.11853916784254
2014-07-07,202684250281.75,2303,2303,36839045056.0,50,0.18175583452976882,18.17558345297688
2014-07-08,208427753903.625,2303,2303,40564106784.0,50,0.1946195073558028,19.46195073558028
2014-07-09,244343624216.75,2303,2303,43144329984.0,50,0.1765723583838142,17.657235838381418
2014-07-10,205244663942.75,2302,2302,41095501280.0,50,0.20022689258056905,20.022689258056907
2014-07-11,206040880948.625,2298,2298,40158799328.0,50,0.19490694828670113,19.49069482867011
2014-07-14,233016140164.0,2296,2296,42334771744.0,50,0.1816817140400841,18.168171404008408
2014-07-15,247445644582.25,2300,2300,45819559872.0,50,0.18517020151781152,18.517020151781153
2014-07-16,225504864842.0,2301,2301,37752781632.0,50,0.16741448863398795,16.741448863398794
2014-07-17,176091071103.0,2295,2295,33115933856.0,50,0.1880614028216665,18.806140282166652
2014-07-18,177338043528.5,2299,2299,35523506144.0,50,0.20031520274605386,20.031520274605384
2014-07-21,169710378545.5,2290,2290,33529034272.0,50,0.19756619812742177,19.756619812742176
2014-07-22,209028627531.0,2291,2291,40839583264.0,50,0.1953779429468018,19.53779429468018
2014-07-23,226161023610.125,2300,2300,41524552256.0,50,0.18360613864033196,18.360613864033194
2014-07-24,254853520012.875,2301,2301,55937983808.0,50,0.21949072473150089,21.94907247315009
2014-07-25,217533928916.5,2305,2305,43013581696.0,50,0.19773274868083077,19.773274868083078
2014-07-28,329651398032.0,2305,2305,77179502784.0,50,0.2341246032771504,23.41246032771504
2014-07-29,316015834486.6875,2307,2307,61666395840.0,50,0.19513704412997623,19.513704412997622
2014-07-30,301709304332.5,2307,2307,61436102528.0,50,0.20362680781065368,20.362680781065368
2014-07-31,274495348246.875,2316,2316,58602821888.0,50,0.21349295083607,21.349295083607
2014-08-01,312465478517.0625,2318,2318,57518232448.0,50,0.1840786787742991,18.407867877429908
2014-08-04,278118202279.5,2317,2317,56747566976.0,50,0.20404118288874343,20.404118288874344
2014-08-05,297979092566.0,2320,2320,56860837632.0,50,0.19082156785683135,19.082156785683136
2014-08-06,291573949922.1875,2317,2317,57131500032.0,50,0.19594171580570457,19.594171580570457
2014-08-07,286739045688.625,2319,2319,55263102272.0,50,0.19272960241351705,19.272960241351704
2014-08-08,239348975676.75,2322,2322,47417217024.0,50,0.19810912868931085,19.810912868931084
2014-08-11,274868300192.1875,2320,2320,46169098304.0,50,0.16796807151540805,16.796807151540804
2014-08-12,287651587101.875,2315,2315,52885012096.0,50,0.18385093101283737,18.385093101283736
2014-08-13,308735431951.0,2312,2312,53963355456.0,50,0.17478834584999828,17.478834584999827
2014-08-14,303787139334.0,2312,2312,49911222464.0,50,0.1642966933143437,16.429669331434372
2014-08-15,284135593093.625,2315,2315,48922596608.0,50,0.17218045819370334,17.218045819370335
2014-08-18,321262227795.75,2304,2304,50321198336.0,50,0.15663590046444203,15.663590046444204
2014-08-19,356438478893.5625,2312,2312,58788196864.0,50,0.16493224033074996,16.493224033074995
2014-08-20,318017219401.0625,2313,2313,52013594304.0,50,0.16355590556372943,16.355590556372942
2014-08-21,311679177468.71875,2320,2320,56088459328.0,50,0.1799557473922981,17.99557473922981
2014-08-22,310377206271.3125,2321,2321,54588525376.0,50,0.17587800996018405,17.587800996018405
2014-08-25,297501826013.3125,2315,2315,52767880448.0,50,0.1773699380441408,17.73699380441408
2014-08-26,294165674818.8125,2311,2311,52469086336.0,50,0.17836576741429008,17.83657674142901
2014-08-27,232263774526.0,2312,2312,45508932160.0,50,0.19593641863813616,19.593641863813616
2014-08-28,236350358318.0,2304,2304,46666566528.0,50,0.19744656559907556,19.744656559907554
2014-08-29,200245262703.5,2308,2308,39488718432.0,50,0.19720176097484174,19.720176097484174
2014-09-01,259012964485.875,2304,2304,45046208256.0,50,0.17391487852901102,17.391487852901104
2014-09-02,362324445454.125,2309,2309,63727105088.0,50,0.17588408921216078,17.58840892121608
2014-09-03,397922188459.125,2312,2312,66784890944.0,50,0.1678340461551322,16.78340461551322
2014-09-04,391910923120.0,2308,2308,64488968960.0,50,0.16455006777204317,16.455006777204318
2014-09-05,390426338128.6875,2322,2322,65194717056.0,50,0.1669833991438132,16.698339914381318
2014-09-09,369783684302.0625,2311,2311,59565911232.0,50,0.16108312443375092,16.10831244337509
2014-09-10,359585804761.9375,2316,2316,54045313536.0,50,0.15029879606004054,15.029879606004053
2014-09-11,430890977371.125,2308,2308,64793120320.0,50,0.15037010223631092,15.037010223631093
2014-09-12,346305902785.5,2317,2317,54983350656.0,50,0.158771046677932,15.8771046677932
2014-09-15,404300772574.25,2312,2312,59026558848.0,50,0.14599665113714258,14.599665113714257
2014-09-16,494260300275.53125,2311,2311,68495765696.0,50,0.1385823738176346,13.85823738176346
2014-09-17,335291952162.625,2316,2316,49899682880.0,50,0.14882457678494293,14.882457678494292
2014-09-18,300872400301.0625,2314,2314,44901776896.0,50,0.14923860364416894,14.923860364416894
2014-09-19,302968820131.5625,2314,2314,47358665792.0,50,0.156315312484746,15.6315312484746
2014-09-22,316772111061.9375,2303,2303,47098373504.0,50,0.14868219726196477,14.868219726196477
2014-09-23,296945930817.875,2305,2305,44943491264.0,50,0.15135244029178183,15.135244029178182
2014-09-24,384327485599.5,2307,2307,64984646336.0,50,0.16908664816057212,16.90866481605721
2014-09-25,404567951186.625,2312,2312,63921069888.0,50,0.15799835281196942,15.799835281196941
2014-09-26,321934358238.875,2321,2321,50625510720.0,50,0.1572541402444405,15.725414024444051
2014-09-29,371025654585.5,2311,2311,55971308992.0,50,0.15085563033243526,15.085563033243526
2014-09-30,347242744216.75,2331,2331,51001257600.0,50,0.14687494108779667,14.687494108779667
2014-10-08,386950433909.03125,2316,2316,53905123072.0,50,0.1393075659004756,13.93075659004756
2014-10-09,446288680013.15625,2322,2322,63243668352.0,50,0.14171022296629981,14.171022296629982
2014-10-10,416460995161.8281,2320,2320,69404755648.0,50,0.16665367574466547,16.665367574466547
2014-10-13,377456457752.1406,2305,2305,61236302016.0,50,0.16223408225859853,16.223408225859853
2014-10-14,368082730104.27344,2309,2309,58407304960.0,50,0.15867982978569495,15.867982978569495
2014-10-15,364579465236.9375,2312,2312,62545265920.0,50,0.1715545495118665,17.15545495118665
2014-10-16,411142377619.5078,2315,2315,67002865856.0,50,0.16296754969396,16.296754969395998
2014-10-17,377042557365.75,2319,2319,60070111744.0,50,0.15931918180188082,15.931918180188081
2014-10-20,301334671770.0,2324,2324,48870868224.0,50,0.16218136445082468,16.218136445082468
2014-10-21,307205204358.8125,2322,2322,50785131392.0,50,0.16531338229766282,16.53133822976628
2014-10-22,289335043969.8125,2327,2327,46116401280.0,50,0.15938754133360877,15.938754133360877
2014-10-23,292616102097.75,2317,2317,48654323840.0,50,0.1662735696743946,16.62735696743946
2014-10-24,235282691583.5,2319,2319,42574804576.0,50,0.18095170660222804,18.095170660222802
2014-10-27,238517440982.75,2317,2317,42820329408.0,50,0.1795270368136175,17.95270368136175
2014-10-28,329069185698.625,2322,2322,53927136704.0,50,0.16387780760909249,16.387780760909248
2014-10-29,451446078627.1875,2313,2313,75637421696.0,50,0.16754475291048607,16.754475291048607
2014-10-30,432799862048.375,2321,2321,69170765696.0,50,0.15982159829863493,15.982159829863493
2014-10-31,452914995197.9922,2326,2326,95819385088.0,50,0.21156152060302721,21.15615206030272
2014-11-03,421920869228.71875,2324,2324,77169481344.0,50,0.18290036585549235,18.290036585549235
2014-11-04,425384448323.53125,2330,2330,80696084224.0,50,0.1897015383191104,18.97015383191104
2014-11-05,379698949441.5,2337,2337,79048231872.0,50,0.208186596218589,20.818659621858902
2014-11-06,354635438144.375,2337,2337,63205963072.0,50,0.17822799493114486,17.822799493114484
2014-11-07,466345700866.3594,2343,2343,99059117184.0,50,0.21241563286628723,21.241563286628722
2014-11-10,435375129350.125,2335,2335,105850636160.0,50,0.2431251328434882,24.312513284348817
2014-11-11,574191834613.625,2338,2338,151100593024.0,50,0.2631535036120392,26.315350361203922
2014-11-12,374438554749.75,2340,2340,88536622336.0,50,0.2364516720111048,23.645167201110482
2014-11-13,451049195786.9297,2338,2338,106380246272.0,50,0.2358506505845823,23.58506505845823
2014-11-14,338643340130.0,2341,2341,77714789184.0,50,0.2294886093261615,22.94886093261615
2014-11-17,349740648455.6875,2326,2326,79005971328.0,50,0.225898738613479,22.5898738613479
2014-11-18,314699909702.4531,2331,2331,69573887168.0,50,0.2210800989227537,22.10800989227537
2014-11-19,322372460686.21875,2326,2326,63307864064.0,50,0.1963811174479346,19.63811174479346
2014-11-20,291410717168.75,2309,2309,59237135552.0,50,0.20327713451148396,20.327713451148398
2014-11-21,365300964758.75,2311,2311,87851789184.0,50,0.24049153344563046,24.049153344563045
2014-11-24,574316819624.5,2307,2307,150067588608.0,50,0.2612975686592589,26.12975686592589
2014-11-25,523248878101.5,2308,2308,103806235904.0,50,0.19838788050657535,19.838788050657534
2014-11-26,565648252339.0,2310,2310,131968341760.0,50,0.2333046044327027,23.33046044327027
2014-11-27,608960637057.625,2301,2301,151301414144.0,50,0.24845844696146194,24.845844696146195
2014-11-28,699518622823.5,2306,2306,192434741248.0,50,0.2750959516578223,27.50959516578223
2014-12-01,679435750871.25,2293,2293,189095512064.0,50,0.27831257307482005,27.831257307482005
2014-12-02,662481326310.6875,2305,2305,202720741248.0,50,0.30600219688747715,30.600219688747714
2014-12-03,896824444128.9062,2316,2316,257816472064.0,50,0.2874770795463983,28.74770795463983
2014-12-04,868370394926.6875,2312,2312,236695738112.0,50,0.2725746288621264,27.25746288621264
2014-12-05,1049698746075.8125,2320,2320,334848686848.0,50,0.31899503367018045,31.899503367018045
2014-12-08,959989849296.0156,2308,2308,312961406976.0,50,0.32600491266183945,32.600491266183944
2014-12-09,1242406643807.75,2312,2312,423677281280.0,50,0.3410133738350805,34.10133738350805
2014-12-10,838878666595.5312,2319,2319,302412163840.0,50,0.36049571395979874,36.049571395979875
2014-12-11,774986641265.5,2319,2319,226639720192.0,50,0.2924433895039957,29.244338950399566
2014-12-12,682572105855.875,2325,2325,199961481856.0,50,0.2929529058402833,29.295290584028326
2014-12-15,695741697185.9062,2330,2330,178720815488.0,50,0.2568781146952656,25.68781146952656
2014-12-16,776211184629.3125,2338,2338,274067854848.0,50,0.3530841351878792,35.308413518787916
2014-12-17,889276385311.0,2338,2338,366287747072.0,50,0.41189415700485615,41.18941570048562
2014-12-18,720298577253.25,2327,2327,261618704384.0,50,0.36320869240314685,36.320869240314686
2014-12-19,784437372731.25,2323,2323,257825525760.0,50,0.3286757295388724,32.86757295388724
2014-12-22,916746945915.75,2323,2323,322421192192.0,50,0.3517014085822009,35.17014085822009
2014-12-23,625101466436.6875,2326,2326,235297791616.0,50,0.37641535694562606,37.641535694562606
2014-12-24,570130874376.25,2321,2321,213123600384.0,50,0.373815223771502,37.3815223771502
2014-12-25,567365101750.0625,2324,2324,216997147008.0,50,0.38246474155471105,38.246474155471105
2014-12-26,709531954482.0,2324,2324,302289456896.0,50,0.42604065255480855,42.604065255480855
2014-12-29,816745806743.125,2320,2320,335710243328.0,50,0.4110339355970325,41.10339355970325
2014-12-30,655054792250.5,2339,2339,259735672064.0,50,0.39650984182812343,39.650984182812344
2014-12-31,639970568651.5,2343,2343,276625147648.0,50,0.4322466707037554,43.22466707037554
2015-01-05,826811963921.125,2340,2340,299240239616.0,50,0.36192054865397,36.192054865397
2015-01-06,819289720762.5,2339,2339,276857806848.0,50,0.3379241797276949,33.79241797276949
2015-01-07,664713061185.5,2344,2344,234314114560.0,50,0.3525041529078823,35.250415290788226
2015-01-08,620838977113.5,2341,2341,205830276608.0,50,0.33153568670088623,33.153568670088625
2015-01-09,683880384963.5,2340,2340,265379497472.0,50,0.38804958192530087,38.80495819253009
2015-01-12,556838711117.5,2336,2336,205159272960.0,50,0.3684357227037486,36.84357227037486
2015-01-13,459561543263.5,2333,2333,142394738048.0,50,0.30984911626157274,30.984911626157274
2015-01-14,446907861282.5,2332,2332,143589747328.0,50,0.32129608755580574,32.12960875558058
2015-01-15,516580851454.75,2325,2325,216642321920.0,50,0.4193773758936491,41.93773758936491
2015-01-16,611771818128.5,2334,2334,234981421568.0,50,0.3840997813316127,38.409978133161275
2015-01-19,685267832416.0,2324,2324,206257041280.0,50,0.30098748478067944,30.098748478067943
2015-01-20,691625996199.75,2324,2324,246070263680.0,50,0.3557851570531943,35.57851570531943
2015-01-21,790875757996.375,2326,2326,264791887104.0,50,0.3348084505394761,33.48084505394761
2015-01-22,695845080151.875,2331,2331,199721911040.0,50,0.28702065551201245,28.702065551201244
2015-01-23,696372089439.0938,2333,2333,223647930624.0,50,0.32116153708018585,32.11615370801859
2015-01-26,628178086273.0,2335,2335,187306881024.0,50,0.29817480920943534,29.817480920943535
2015-01-27,712551984713.9375,2340,2340,210025647104.0,50,0.2947513326881228,29.475133268812282
2015-01-28,593359626844.1875,2349,2349,161684658688.0,50,0.2724901583680842,27.24901583680842
2015-01-29,515805447708.6875,2353,2353,153506281216.0,50,0.2976050018430516,29.76050018430516
2015-01-30,497399069912.375,2353,2353,139557654528.0,50,0.2805748200385364,28.05748200385364
2015-02-02,456081351911.5,2345,2345,137401908736.0,50,0.3012662284044932,30.12662284044932
2015-02-03,505756549081.96875,2351,2351,149899885568.0,50,0.2963874335193344,29.63874335193344
2015-02-04,522536500705.0,2350,2350,149214921472.0,50,0.2855588485602078,28.55588485602078
2015-02-05,618914905212.5,2347,2347,191630798080.0,50,0.30962382141080436,30.962382141080436
2015-02-06,490848062449.5,2345,2345,129576250112.0,50,0.26398443841332514,26.398443841332515
2015-02-09,425781557330.5,2344,2344,144805344896.0,50,0.3400930416147622,34.00930416147622
2015-02-10,391183754566.5,2345,2345,131889082624.0,50,0.33715378280510694,33.71537828051069
2015-02-11,404024137011.0,2353,2353,114763433344.0,50,0.28405093367200346,28.405093367200347
2015-02-12,430852246331.5,2356,2356,121241123840.0,50,0.281398379310564,28.139837931056398
2015-02-13,552677428418.5,2357,2357,139729340160.0,50,0.25282259230278126,25.282259230278125
2015-02-16,531954103248.3125,2363,2363,124215166592.0,50,0.2335073004108725,23.35073004108725
2015-02-17,503553632661.25,2392,2392,117026949376.0,50,0.2324021549750714,23.24021549750714
2015-02-25,508795179265.0742,2384,2384,113644654336.0,50,0.22336032055208002,22.336032055208
2015-02-26,586726860665.25,2384,2384,166395970048.0,50,0.2836003960332323,28.36003960332323
2015-02-27,611869239145.6875,2385,2385,153630341888.0,50,0.251083617314222,25.108361731422203
2015-03-02,783327700468.5,2376,2376,175066466048.0,50,0.22349071269060777,22.349071269060776
2015-03-03,833077873109.3125,2375,2375,174565956864.0,50,0.20954338423665503,20.954338423665504
2015-03-04,682349632168.75,2375,2375,128263008768.0,50,0.1879725623363121,18.79725623363121
2015-03-05,728862883730.5,2367,2367,147824287616.0,50,0.20281494766121008,20.281494766121007
2015-03-06,642883394776.125,2367,2367,125233216256.0,50,0.19479927040207765,19.479927040207766
2015-03-09,645769275955.0,2361,2361,167801358592.0,50,0.2598472315732982,25.98472315732982
2015-03-10,641926556325.25,2364,2364,130298503808.0,50,0.20298039164153325,20.298039164153327
2015-03-11,634216001538.0,2368,2368,127023385344.0,50,0.20028410673329441,20.028410673329443
2015-03-12,721635096629.5,2365,2365,200042138112.0,50,0.27720677534438865,27.720677534438863
2015-03-13,660834195448.25,2356,2356,168774963840.0,50,0.255396837818779,25.539683781877898
2015-03-16,897226860127.6562,2348,2348,176794563584.0,50,0.1970455538511697,19.70455538511697
2015-03-17,1098134967695.75,2347,2347,228895132416.0,50,0.20843989049569892,20.843989049569892
2015-03-18,1103175326121.5,2353,2353,246754196224.0,50,0.22367631905939067,22.367631905939067
2015-03-19,1087644454298.9688,2348,2348,239280477952.0,50,0.21999880292335608,21.999880292335607
2015-03-20,1145968529396.164,2356,2356,316654782208.0,50,0.27632066159343166,27.632066159343164
2015-03-23,1206925650825.0625,2344,2344,266762658560.0,50,0.22102658799043606,22.102658799043606
2015-03-24,1415617859887.0312,2351,2351,282972571392.0,50,0.19989333238179244,19.989333238179245
2015-03-25,1236521143548.7578,2348,2348,249075183872.0,50,0.20143220774791273,20.143220774791274
2015-03-26,1179698470753.4219,2341,2341,242135734272.0,50,0.20525222357655384,20.525222357655384
2015-03-27,931373848557.2812,2343,2343,204511950336.0,50,0.2195809455599312,21.95809455599312
2015-03-30,1198336001695.9688,2326,2326,304077862400.0,50,0.2537500850927017,25.37500850927017
2015-03-31,1274156512756.0,2339,2339,334937293568.0,50,0.2628698203202139,26.28698203202139
2015-04-01,1109354723327.1875,2339,2339,244800451328.0,50,0.22066922885927065,22.066922885927063
2015-04-02,1214474379572.25,2333,2333,231435298048.0,50,0.1905641666393274,19.05641666393274
2015-04-03,1237265976555.0,2344,2344,235122960640.0,50,0.19003428938914826,19.003428938914826
2015-04-07,1385080018970.0625,2329,2329,279748810752.0,50,0.2019730318252801,20.19730318252801
2015-04-08,1524032186933.8438,2330,2330,362376155392.0,50,0.2377746077141941,23.77746077141941
2015-04-09,1464168875491.9375,2321,2321,388065659904.0,50,0.2650415989573717,26.50415989573717
2015-04-10,1231390183776.9375,2324,2324,277169337856.0,50,0.22508652538211915,22.508652538211916
2015-04-13,1419358906198.7188,2323,2323,315758475520.0,50,0.22246556113538202,22.2465561135382
2015-04-14,1422574843417.25,2328,2328,318222702848.0,50,0.22369487575330566,22.369487575330567
2015-04-15,1327903683840.1562,2313,2313,334107241472.0,50,0.25160502643218624,25.160502643218624
2015-04-16,1190831535895.3125,2312,2312,315030206464.0,50,0.2645464089319303,26.454640893193034
2015-04-17,1501540329965.75,2319,2319,395864905216.0,50,0.2636392092279197,26.363920922791973
2015-04-20,1772331097439.0,2319,2319,539232855040.0,50,0.30425063117110895,30.425063117110895
2015-04-21,1409886691939.5156,2328,2328,390952497664.0,50,0.2772935583399151,27.72935583399151
2015-04-22,1626999139529.2969,2341,2341,424911252992.0,50,0.2611625554485112,26.116255544851118
2015-04-23,1649206518140.7812,2351,2351,408112262144.0,50,0.24745976786708426,24.745976786708425
2015-04-24,1555374520071.3125,2358,2358,392159884544.0,50,0.25213212604641344,25.213212604641345
2015-04-27,1609717608171.7812,2362,2362,418723135488.0,50,0.2601221067361996,26.01221067361996
2015-04-28,1673019568574.2031,2369,2369,506555112960.0,50,0.30277895278397804,30.277895278397803
2015-04-29,1277491034152.3477,2373,2373,361534135808.0,50,0.28300326667097775,28.300326667097774
2015-04-30,1319041568183.875,2366,2366,341198338304.0,50,0.25867140697755237,25.867140697755236
2015-05-04,1214654336392.0625,2358,2358,326962094080.0,50,0.26918118536602675,26.918118536602677
2015-05-05,1339590363169.25,2348,2348,381920238336.0,50,0.285102258747547,28.510225874754703
2015-05-06,1231591624601.375,2350,2350,350484224000.0,50,0.28457827822062365,28.457827822062363
2015-05-07,965121381142.125,2351,2351,250279874304.0,50,0.2593247639046383,25.932476390463833
2015-05-08,1070855772275.5,2348,2348,251638425600.0,50,0.23498815817678645,23.498815817678643
2015-05-11,1381626518701.5938,2360,2360,306764305920.0,50,0.22203128107897552,22.20312810789755
2015-05-12,1511689494340.75,2367,2367,327290330624.0,50,0.21650632080811794,21.650632080811793
2015-05-13,1510104720628.5625,2358,2358,317818395392.0,50,0.21046116275943566,21.046116275943564
2015-05-14,1363873823748.5625,2358,2358,285832200448.0,50,0.20957378569111296,20.957378569111295
2015-05-15,1302515624889.879,2369,2369,279313430016.0,50,0.21444151968588826,21.444151968588827
2015-05-18,1227026898139.1172,2358,2358,222812072960.0,50,0.18158695078152895,18.158695078152896
2015-05-19,1389745074004.664,2358,2358,266545878784.0,50,0.19179480019017175,19.179480019017177
2015-05-20,1618568533135.7656,2362,2362,279422337024.0,50,0.17263546850416994,17.263546850416994
2015-05-21,1518573057647.752,2360,2360,234858207488.0,50,0.15465716733562496,15.465716733562495
2015-05-22,1956255447121.5625,2350,2350,352727163392.0,50,0.18030731309196013,18.030731309196014
2015-05-25,1988767569239.2344,2328,2328,380422429696.0,50,0.19128551550220796,19.128551550220795
2015-05-26,2108609257654.746,2336,2336,399777625600.0,50,0.18959303348816925,18.959303348816924
2015-05-27,2104345826006.4062,2342,2342,374297566720.0,50,0.17786884745571307,17.786884745571307
2015-05-28,2357857145829.172,2336,2336,427262515712.0,50,0.18120797371791048,18.12079737179105
2015-05-29,1852774907707.625,2335,2335,325142535680.0,50,0.17548949649922005,17.548949649922005
2015-06-01,1761206792674.6797,2319,2319,325483893760.0,50,0.18480731230073194,18.480731230073193
2015-06-02,1925762041169.9941,2316,2316,307612326144.0,50,0.1597353772520672,15.973537725206722
2015-06-03,1973447558571.4922,2314,2314,315794051328.0,50,0.1600215065033661,16.00215065033661
2015-06-04,1982388636636.5938,2321,2321,359968772608.0,50,0.18158335149597032,18.158335149597033
2015-06-05,2250830187068.91,2316,2316,393762419712.0,50,0.1749409715464887,17.49409715464887
2015-06-08,2259498745624.0,2300,2300,486270942720.0,50,0.21521186664155806,21.521186664155806
2015-06-09,1931248116932.9297,2305,2305,473911372800.0,50,0.24539124136604062,24.539124136604062
2015-06-10,1815143099618.7715,2311,2311,344226090240.0,50,0.1896412962219324,18.96412962219324
2015-06-11,1794316068637.1992,2320,2320,315135992576.0,50,0.17563014570523738,17.563014570523737
2015-06-12,1962743787300.246,2325,2325,311133099008.0,50,0.15851946699368416,15.851946699368415
2015-06-15,1993177200907.4023,2315,2315,330035337216.0,50,0.1655825367989108,16.55825367989108
2015-06-16,1698721681385.3438,2325,2325,287673941248.0,50,0.16934730650720592,16.934730650720592
2015-06-17,1534239560697.3203,2327,2327,275685816576.0,50,0.17968889842124738,17.96888984212474
2015-06-18,1459376245723.0,2323,2323,260063257600.0,50,0.17820165180992117,17.820165180992117
2015-06-19,1284287013324.3438,2328,2328,239410803712.0,50,0.18641534269842946,18.641534269842946
2015-06-23,1295838641515.0,2333,2333,252756154880.0,50,0.195052182256655,19.505218225665498
2015-06-24,1488467543480.7031,2347,2347,297124075520.0,50,0.19961743661886705,19.961743661886704
2015-06-25,1548179413003.6875,2348,2348,323678009856.0,50,0.20907009041543756,20.907009041543756
2015-06-26,1340152379290.9688,2361,2361,319044162048.0,50,0.2380655864050295,23.80655864050295
2015-06-29,1532539840023.7344,2349,2349,372175030272.0,50,0.24284851887846265,24.284851887846266
2015-06-30,1660068793268.2812,2336,2336,373702922240.0,50,0.22511291324515997,22.511291324515998
2015-07-01,1527133106194.8252,2343,2343,328697276416.0,50,0.21523813155686128,21.523813155686128
2015-07-02,1286022959230.004,2321,2321,315981481984.0,50,0.24570438631452693,24.570438631452692
2015-07-03,1150300489755.8906,2270,2270,271264847616.0,50,0.23582085727318614,23.582085727318614
2015-07-06,1549529378633.875,2217,2217,442728272896.0,50,0.28571789538209746,28.571789538209746
2015-07-07,1075967702197.625,2018,2018,475582317824.0,50,0.4420042691361835,44.20042691361835
2015-07-08,1113731560463.0,1466,1466,450627252480.0,50,0.40461029253105246,40.461029253105245
2015-07-09,949027919993.5,1340,1340,368768227840.0,50,0.38857468792122124,38.85746879212213
2015-07-10,926214613494.0,1396,1396,429360050944.0,50,0.4635643237416718,46.35643237416718
2015-07-13,1171586040668.9688,1750,1750,368418508032.0,50,0.31446133296504214,31.446133296504215
2015-07-14,1319743923164.6562,2000,2000,314688400896.0,50,0.23844656177040663,23.84465617704066
2015-07-15,1244204910296.75,2096,2096,268958636544.0,50,0.21616908462437415,21.616908462437415
2015-07-16,1076646523818.5,2112,2112,216830884608.0,50,0.20139468229458857,20.139468229458856
2015-07-17,1099501519058.3125,2150,2150,226286140160.0,50,0.205807937722366,20.5807937722366
2015-07-20,1318785533791.125,2218,2218,245488486912.0,50,0.1861473913853847,18.614739138538468
2015-07-21,1206199575720.4062,2242,2242,225084977920.0,50,0.18660674605656974,18.660674605656975
2015-07-22,1282981420696.8281,2257,2257,220847683072.0,50,0.17213630650399486,17.213630650399487
2015-07-23,1396837003647.6484,2255,2255,233458271488.0,50,0.16713351012205127,16.713351012205127
2015-07-24,1585985379768.6875,2260,2260,256326827008.0,50,0.16161991798775896,16.161991798775897
2015-07-27,1387478441610.25,2252,2252,234331559424.0,50,0.16889023454090177,16.889023454090175
2015-07-28,1302155118609.75,2256,2256,238922391552.0,50,0.18348228113336162,18.348228113336162
2015-07-29,1079307677631.0,2264,2264,203165559296.0,50,0.18823692586152382,18.823692586152383
2015-07-30,1155724085081.2188,2269,2269,215248383488.0,50,0.18624547698413102,18.624547698413103
2015-07-31,877294737384.0,2277,2277,156953990144.0,50,0.17890679546536456,17.890679546536457
2015-08-03,847268091646.5,2269,2269,142908583424.0,50,0.1686698517659093,16.86698517659093
2015-08-04,905509402265.3125,2266,2266,136520684544.0,50,0.1507667222476832,15.07667222476832
2015-08-05,959381321539.875,2271,2271,154186826880.0,50,0.16071485176771966,16.071485176771965
2015-08-06,706595459955.0,2269,2269,114942780544.0,50,0.16267126957102188,16.26712695710219
2015-08-07,893418046126.0,2271,2271,143597129856.0,50,0.16072781435147807,16.072781435147807
2015-08-10,1226068130933.4062,2268,2268,201877035264.0,50,0.16465401079327535,16.465401079327535
2015-08-11,1334194984079.3047,2276,2276,235883179776.0,50,0.17679813115080567,17.679813115080567
2015-08-12,1102503560400.4844,2277,2277,195097281024.0,50,0.17695841358837056,17.695841358837054
2015-08-13,1075615258776.2188,2280,2280,185242647808.0,50,0.17222017472935428,17.222017472935427
2015-08-14,1220582304529.5625,2293,2293,188758009088.0,50,0.15464586729425936,15.464586729425935
2015-08-17,1186050435415.75,2293,2293,191713136640.0,50,0.16163995300317746,16.163995300317747
2015-08-18,1388405429240.75,2293,2293,218854224640.0,50,0.15762991128584142,15.762991128584142
2015-08-19,1145476556098.5,2298,2298,189700328704.0,50,0.16560821580680835,16.560821580680834
2015-08-20,981294180993.25,2302,2302,165016926336.0,50,0.16816254445631437,16.816254445631436
2015-08-21,868376355736.0,2305,2305,145485901312.0,50,0.16753784272338018,16.753784272338017
2015-08-24,630260387622.0,2301,2301,142549346944.0,50,0.2261753233165183,22.61753233165183
2015-08-25,644974072203.0,2298,2298,137228705536.0,50,0.21276623580739606,21.276623580739606
2015-08-26,892625186132.0,2286,2286,162354375424.0,50,0.18188415243751738,18.188415243751738
2015-08-27,764374245382.0,2267,2267,154920924672.0,50,0.2026767981887949,20.26767981887949
2015-08-28,898541538158.0,2276,2276,168284201856.0,50,0.18728594584617725,18.728594584617724
2015-08-31,795818729013.0,2282,2282,170824535936.0,50,0.2146525706273112,21.46525706273112
2015-09-01,724892465788.0,2283,2283,177359592704.0,50,0.2446702112032574,24.46702112032574
2015-09-02,748047907203.0,2288,2288,177101787392.0,50,0.23675193217797394,23.675193217797393
2015-09-07,602077068475.0,2279,2279,121198381824.0,50,0.20130044502605485,20.130044502605486
2015-09-08,523464866514.0,2299,2299,98279430400.0,50,0.1877479018878367,18.77479018878367
2015-09-09,843815529417.75,2306,2306,151181943552.0,50,0.1791646850305287,17.916468503052872
2015-09-10,610028427066.75,2312,2312,109879965568.0,50,0.1801226970624056,18.01226970624056
2015-09-11,515411411300.0,2318,2318,89492566016.0,50,0.17363326471619392,17.36332647161939
2015-09-14,680061868979.0,2316,2316,130789593088.0,50,0.19232013887848007,19.232013887848005
2015-09-15,477041942824.0,2321,2321,84016605824.0,50,0.1761199556723194,17.61199556723194
2015-09-16,565994862409.0,2326,2326,100020437504.0,50,0.17671615794936862,17.671615794936862
2015-09-17,697288188548.0,2325,2325,120478306816.0,50,0.17278122416913205,17.278122416913206
2015-09-18,471934273867.0,2329,2329,89199886976.0,50,0.18900913096457625,18.900913096457625
2015-09-21,572598400262.0,2332,2332,104186220672.0,50,0.18195339111029338,18.195339111029337
2015-09-22,671990270342.0,2341,2341,112296016128.0,50,0.1671095863796488,16.71095863796488
2015-09-23,578479161444.0,2327,2327,95724888192.0,50,0.16547681329272343,16.547681329272343
2015-09-24,549915678542.0,2332,2332,98769370496.0,50,0.17960820967656127,17.960820967656126
2015-09-25,561184857587.0,2342,2342,96216182016.0,50,0.17145184998346769,17.145184998346767
2015-09-28,404070977832.5,2339,2339,69632611328.0,50,0.1723276729784461,17.23276729784461
2015-09-29,420445224550.0,2341,2341,68975896448.0,50,0.16405441760415876,16.405441760415876
2015-09-30,370887910704.75,2350,2350,65603895168.0,50,0.17688334743330258,17.68833474333026
2015-10-08,586811758701.0,2345,2345,93903990400.0,50,0.16002404349884064,16.002404349884063
2015-10-09,595864946391.5,2354,2354,85618697664.0,50,0.14368809271714755,14.368809271714756
2015-10-12,923827571022.25,2351,2351,140237485440.0,50,0.15180049810033483,15.180049810033482
2015-10-13,765560941572.4375,2349,2349,109916637312.0,50,0.14357660029812228,14.357660029812228
2015-10-14,768464506395.375,2353,2353,111435657344.0,50,0.14501080585583526,14.501080585583527
2015-10-15,824934109304.0,2336,2336,123502764416.0,50,0.14971227765112022,14.971227765112022
2015-10-16,993198786620.25,2335,2335,146204732672.0,50,0.1472059114867822,14.720591148678219
2015-10-19,995873081530.25,2322,2322,158151694976.0,50,0.1588070788428034,15.88070788428034
2015-10-20,904217456569.5,2324,2324,140980430464.0,50,0.15591429853485023,15.591429853485023
2015-10-21,1170756347812.5,2327,2327,181166519040.0,50,0.15474314478712897,15.474314478712897
2015-10-22,892186876816.5,2341,2341,146332897664.0,50,0.16401597184005312,16.40159718400531
2015-10-23,1039503441914.375,2351,2351,159773633792.0,50,0.15370188048416364,15.370188048416363
2015-10-26,1105544503708.0,2362,2362,165339462656.0,50,0.1495547778505984,14.95547778505984
2015-10-27,992003871282.75,2359,2359,159210821120.0,50,0.1604941530259616,16.04941530259616
2015-10-28,915677969774.3125,2369,2369,134129496832.0,50,0.14648107878478167,14.648107878478168
2015-10-29,748846876395.75,2380,2380,113763187200.0,50,0.15191782297009745,15.191782297009745
2015-10-30,801212176823.0,2385,2385,125577905792.0,50,0.1567348942323203,15.673489423232029
2015-11-02,742342634527.0,2382,2382,106102929152.0,50,0.14292986044053071,14.292986044053071
2015-11-03,625353976281.3125,2386,2386,88774104576.0,50,0.14195816760276805,14.195816760276806
2015-11-04,992790872100.8125,2394,2394,147170816512.0,50,0.14823949398384034,14.823949398384034
2015-11-05,1372402849493.25,2399,2399,270163439104.0,50,0.19685432684998863,19.68543268499886
2015-11-06,1173217734881.5625,2395,2395,215083352576.0,50,0.18332773719765913,18.332773719765914
2015-11-09,1367004836674.625,2408,2408,246588519168.0,50,0.180385988807363,18.038598880736302
2015-11-10,1254142731585.4375,2417,2417,208817516544.0,50,0.16650219411631176,16.650219411631177
2015-11-11,1140576321034.25,2417,2417,164372444928.0,50,0.14411349937455356,14.411349937455356
2015-11-12,1230702632425.3125,2428,2428,173274340608.0,50,0.14079302021686013,14.079302021686013
2015-11-13,1136605004447.8438,2433,2433,169794538496.0,50,0.14938746339453715,14.938746339453715
2015-11-16,907837603333.5312,2430,2430,135278510208.0,50,0.14901179430248815,14.901179430248815
2015-11-17,1271432613642.6875,2433,2433,205429345280.0,50,0.16157312867053142,16.157312867053143
2015-11-18,942564115143.7188,2442,2442,152933475584.0,50,0.16225259706675896,16.225259706675896
2015-11-19,858959489684.8438,2442,2442,132157696640.0,50,0.1538578922837086,15.38578922837086
2015-11-20,1078630086212.1875,2442,2442,144409616000.0,50,0.133882429060663,13.3882429060663
2015-11-23,1072012498160.125,2448,2448,145198789376.0,50,0.1354450527630993,13.544505276309929
2015-11-24,857866747770.5,2454,2454,111796553600.0,50,0.13031925283331797,13.031925283331796
2015-11-25,1018927072263.25,2462,2462,125365273728.0,50,0.123036552016954,12.3036552016954
2015-11-26,1105683874448.6562,2462,2462,136380508416.0,50,0.12334493752475631,12.33449375247563
2015-11-27,1141401812055.3125,2462,2462,139722462080.0,50,0.12241303685018946,12.241303685018947
2015-11-30,981627606741.25,2472,2472,127108544384.0,50,0.12948754039830596,12.948754039830595
2015-12-01,840793354615.3281,2473,2473,120232058752.0,50,0.1429983456601027,14.299834566010269
2015-12-02,837224842986.7188,2476,2476,147204102400.0,50,0.1758238585884093,17.58238585884093
2015-12-03,794160357861.375,2476,2476,136703140480.0,50,0.17213543729144723,17.213543729144725
2015-12-04,821440724132.75,2480,2480,120056409728.0,50,0.1461534669525322,14.615346695253221
2015-12-07,748760085993.875,2485,2485,104661904256.0,50,0.1397802930655363,13.97802930655363
2015-12-08,787316465464.75,2497,2497,105397460992.0,50,0.13386924523391527,13.386924523391528
2015-12-09,716459754103.1953,2503,2503,109444415744.0,50,0.15275724158573764,15.275724158573764
2015-12-10,727321706191.3438,2508,2508,116581304192.0,50,0.16028849847268245,16.028849847268244
2015-12-11,631455839492.375,2505,2505,98577472128.0,50,0.15611142690080443,15.611142690080444
2015-12-14,670799974387.4219,2510,2510,111270907904.0,50,0.16587792509326374,16.587792509326373
2015-12-15,713246393578.1875,2516,2516,112063011072.0,50,0.1571168281830442,15.711682818304421
2015-12-16,726872955325.0195,2517,2517,100512368384.0,50,0.1382805174517136,13.82805174517136
2015-12-17,994567973181.1875,2511,2511,129080217344.0,50,0.12978521410771846,12.978521410771846
2015-12-18,957397442966.5,2512,2512,136845635072.0,50,0.14293503296602006,14.293503296602006
2015-12-21,940803713632.9648,2512,2512,146439438720.0,50,0.15565355089268954,15.565355089268953
2015-12-22,872362769530.0547,2519,2519,129472703104.0,50,0.1484161264398611,14.84161264398611
2015-12-23,994698694253.25,2525,2525,165396521472.0,50,0.16627801205285397,16.627801205285397
2015-12-24,747844165961.8438,2518,2518,111532800896.0,50,0.14913909337321832,14.913909337321831
2015-12-25,682614145636.957,2532,2532,100018038912.0,50,0.14652207187806185,14.652207187806185
2015-12-28,892977069740.6602,2535,2535,110409362176.0,50,0.12364187829376769,12.36418782937677
2015-12-29,656933138726.6719,2532,2532,87384656640.0,50,0.13301910268886263,13.301910268886264
2015-12-30,721131799397.6133,2526,2526,98044763776.0,50,0.1359595622574129,13.59595622574129
2015-12-31,685432372383.6875,2543,2543,91504693376.0,50,0.13349922919131987,13.349922919131988
2016-01-04,594661875164.7734,2547,2547,73338295872.0,50,0.12332772443445927,12.332772443445927
2016-01-05,809501492422.0,2551,2551,101396206208.0,50,0.12525759020483843,12.525759020483843
2016-01-06,698152969008.4531,2554,2554,96830770048.0,50,0.13869563598006784,13.869563598006785
2016-01-07,187505886792.75,2554,2554,30843095904.0,50,0.16449134708016305,16.449134708016306
2016-01-08,759600890238.875,2546,2546,104344209408.0,50,0.1373671499715942,13.73671499715942
2016-01-11,662038305376.4375,2544,2544,89413975808.0,50,0.13505861380205014,13.505861380205014
2016-01-12,549634595704.4375,2552,2552,75837320576.0,50,0.1379777058589322,13.797770585893222
2016-01-13,517821463316.75,2552,2552,74603856832.0,50,0.1440725464606032,14.40725464606032
2016-01-14,551033655565.25,2556,2556,76955540288.0,50,0.1396566970288939,13.965669702889391
2016-01-15,537207043438.0,2560,2560,74340427712.0,50,0.13838319623703846,13.838319623703846
2016-01-18,471655855818.25,2545,2545,65420482752.0,50,0.13870384931086158,13.870384931086157
2016-01-19,582075377369.25,2555,2555,81813998336.0,50,0.14055567632110955,14.055567632110954
2016-01-20,594879720889.0,2562,2562,79678611328.0,50,0.13394070856698007,13.394070856698006
2016-01-21,535145404306.5,2559,2559,70559610880.0,50,0.13185128810260244,13.185128810260244
2016-01-22,445614283147.0,2560,2560,60573568896.0,50,0.13593273641998116,13.593273641998117
2016-01-25,422143936901.1875,2564,2564,55625383616.0,50,0.13176876120577896,13.176876120577896
2016-01-26,521922414352.0,2561,2561,66551381184.0,50,0.1275120197062772,12.75120197062772
2016-01-27,509137634680.875,2559,2559,67757187840.0,50,0.13308226150374816,13.308226150374816
2016-01-28,398581082918.0,2561,2561,55864401408.0,50,0.1401581856294293,14.01581856294293
2016-01-29,427813539044.0,2556,2556,62046923200.0,50,0.14503263112862486,14.503263112862486
2016-02-01,369789389746.75,2553,2553,55072662656.0,50,0.148929807568888,14.892980756888798
2016-02-02,402619243946.09375,2553,2553,55931598720.0,50,0.13891933771424156,13.891933771424156
2016-02-03,375411359898.89844,2554,2554,54600937344.0,50,0.14544295451982198,14.544295451982197
2016-02-04,441178598578.0039,2552,2552,58933251264.0,50,0.1335813918761069,13.358139187610691
2016-02-05,362793049320.34375,2557,2557,52158936640.0,50,0.14377049598308048,14.377049598308048
2016-02-15,328272711776.6875,2559,2559,49965908992.0,50,0.15220853637688309,15.22085363768831
2016-02-16,499375508236.09375,2561,2561,71045802816.0,50,0.1422692976412674,14.226929764126739
2016-02-17,568852243119.0,2565,2565,75343298944.0,50,0.1324479244924744,13.24479244924744
2016-02-18,589620571112.4062,2568,2568,75815514688.0,50,0.12858356441832217,12.858356441832216
2016-02-19,480623046587.9375,2564,2564,65866814336.0,50,0.1370446440377857,13.704464403778571
2016-02-22,601095602949.3125,2552,2552,74448068800.0,50,0.12385395673286576,12.385395673286576
2016-02-23,572223631456.25,2552,2552,73422936512.0,50,0.12831161188702783,12.831161188702783
2016-02-24,579718587284.8125,2545,2545,69175788032.0,50,0.11932649659551854,11.932649659551855
2016-02-25,664918779061.0,2540,2540,81079155840.0,50,0.12193843578083355,12.193843578083355
2016-02-26,485583476689.625,2540,2540,59960131328.0,50,0.12348058409393796,12.348058409393795
2016-02-29,460819744797.5,2536,2536,57880069312.0,50,0.12560240737391687,12.560240737391688
2016-03-01,461918786879.0,2541,2541,64485795712.0,50,0.13960418485618362,13.960418485618362
2016-03-02,612467084356.0,2544,2544,80535275904.0,50,0.1314932311647109,13.14932311647109
2016-03-03,662763128594.5,2541,2541,91943570048.0,50,0.13872764805577176,13.872764805577177
2016-03-04,639929841993.1562,2543,2543,101225669632.0,50,0.15818244905834938,15.818244905834938
2016-03-07,478069734816.84375,2539,2539,66429808000.0,50,0.13895422186775813,13.895422186775813
2016-03-08,532109564799.5625,2540,2540,71545281856.0,50,0.13445592146600485,13.445592146600486
2016-03-09,426165375801.5469,2543,2543,59802048768.0,50,0.14032592078960474,14.032592078960473
2016-03-10,354633555449.75,2552,2552,49641907776.0,50,0.13998085351241962,13.998085351241961
2016-03-11,303767242557.1719,2559,2559,44734643840.0,50,0.14726618796488736,14.726618796488737
2016-03-14,503254033142.5,2557,2557,65861992448.0,50,0.1308722595559422,13.08722595559422
2016-03-15,427470542568.0,2559,2559,65065123840.0,50,0.1522096082904935,15.220960829049348
2016-03-16,422997366865.3203,2564,2564,75886487424.0,50,0.1794017962484428,17.94017962484428
2016-03-17,571463089976.3125,2561,2561,82353274176.0,50,0.14410952451787148,14.410952451787148
2016-03-18,815919411863.6562,2556,2556,110673060864.0,50,0.13564214707333616,13.564214707333615
2016-03-21,902543068766.2031,2548,2548,143546844800.0,50,0.15904708569335288,15.904708569335288
2016-03-22,756374235508.0,2548,2548,125127948032.0,50,0.16543126690184115,16.543126690184113
2016-03-23,669651127119.2969,2550,2550,112950631296.0,50,0.16867085967866682,16.867085967866682
2016-03-24,737155298924.6562,2538,2538,116959504896.0,50,0.15866331703321893,15.866331703321892
2016-03-25,552938830318.5,2539,2539,87635160960.0,50,0.1584897933637994,15.848979336379939
2016-03-28,625321249913.6875,2530,2530,84748497408.0,50,0.13552793451317663,13.552793451317664
2016-03-29,536915291629.2031,2531,2531,80880365376.0,50,0.15063896789115191,15.06389678911519
2016-03-30,627643637289.9688,2526,2526,99816185984.0,50,0.1590332157511944,15.903321575119438
2016-03-31,696278503484.9219,2534,2534,103214475264.0,50,0.14823734288421148,14.823734288421148
2016-04-01,582392126087.75,2524,2524,85205949312.0,50,0.1463034019439368,14.630340194393678
2016-04-05,712935782088.9453,2517,2517,94640343680.0,50,0.1327473610634299,13.27473610634299
2016-04-06,700786651569.6406,2512,2512,93189774336.0,50,0.1329788090673118,13.29788090673118
2016-04-07,697918640876.6562,2514,2514,98893887744.0,50,0.1416983040025687,14.169830400256869
2016-04-08,584341588243.4375,2519,2519,85704272384.0,50,0.14666810322645646,14.666810322645645
2016-04-11,666751165155.75,2508,2508,92946606848.0,50,0.13940224135384616,13.940224135384616
2016-04-12,581968901133.0,2514,2514,80641655680.0,50,0.1385669500947622,13.85669500947622
2016-04-13,822783832829.0,2516,2516,107530025216.0,50,0.13069049357262721,13.069049357262722
2016-04-14,624126322829.625,2520,2520,78559492352.0,50,0.12587114095081245,12.587114095081246
2016-04-15,584961747791.7188,2513,2513,69437732480.0,50,0.11870474051018456,11.870474051018457
2016-04-18,556532627434.9219,2515,2515,75832912384.0,50,0.1362595985315659,13.62595985315659
2016-04-19,505377194222.7344,2521,2521,70338293120.0,50,0.1391797926856982,13.91797926856982
2016-04-20,799526167550.1094,2515,2515,100940836864.0,50,0.12625082325110223,12.625082325110224
2016-04-21,541444385051.09766,2519,2519,87205158080.0,50,0.161060231646451,16.1060231646451
2016-04-22,422004154334.6875,2519,2519,65609331712.0,50,0.15547081951227867,15.547081951227867
2016-04-25,390654084216.4922,2520,2520,53736222016.0,50,0.1375544866599181,13.75544866599181
2016-04-26,381608503283.1875,2518,2518,53359511040.0,50,0.13982788795563733,13.982788795563733
2016-04-27,427533633988.25,2527,2527,57638440704.0,50,0.13481615508543612,13.481615508543612
2016-04-28,430991753161.5625,2527,2527,62332852800.0,50,0.14462655571192282,14.46265557119228
2016-04-29,366156979719.2578,2527,2527,58558809728.0,50,0.1599281536921639,15.99281536921639
2016-05-03,536889306629.0664,2536,2536,74522472640.0,50,0.13880416637071732,13.880416637071733
2016-05-04,534972733102.6875,2545,2545,73604834816.0,50,0.13758614273500108,13.758614273500108
2016-05-05,473802155502.375,2543,2543,69463512448.0,50,0.14660868812288846,14.660868812288847
2016-05-06,661002018151.625,2546,2546,92287569408.0,50,0.1396176817524186,13.96176817524186
2016-05-09,498815598093.3281,2544,2544,71527420160.0,50,0.1433945137910809,14.33945137910809
2016-05-10,346064119530.09375,2545,2545,55402547904.0,50,0.16009330288048598,16.0093302880486
2016-05-11,392526497742.8125,2548,2548,60119225792.0,50,0.15315966218257895,15.315966218257895
2016-05-12,379812193527.25,2543,2543,65011167552.0,50,0.17116661513221193,17.116661513221192
2016-05-13,347108346709.25,2540,2540,65168214016.0,50,0.187746029831392,18.7746029831392
2016-05-16,361644048620.875,2544,2544,64124280640.0,50,0.17731324733404885,17.731324733404886
2016-05-17,430659229459.125,2547,2547,83444979904.0,50,0.19376103934612177,19.376103934612175
2016-05-18,415910691307.03125,2547,2547,72013860480.0,50,0.17314741357980223,17.314741357980225
2016-05-19,375292640834.4219,2544,2544,77265017600.0,50,0.20587938369430783,20.587938369430784
2016-05-20,365460077652.53125,2547,2547,74925520576.0,50,0.20501697766079116,20.501697766079115
2016-05-23,418886212525.4375,2542,2542,72386186240.0,50,0.17280632323415093,17.280632323415094
2016-05-24,371212595124.96875,2546,2546,64693929600.0,50,0.17427730214331974,17.427730214331973
2016-05-25,371251396863.28125,2548,2548,64848149696.0,50,0.17467449346697347,17.467449346697347
2016-05-26,391124604647.02344,2551,2551,69827342720.0,50,0.17852966008880158,17.85296600888016
2016-05-27,378184877824.9844,2550,2550,70871240896.0,50,0.1873983997022685,18.73983997022685
2016-05-30,333471568862.71875,2555,2555,55734689984.0,50,0.16713475806671982,16.713475806671983
2016-05-31,630695405798.9688,2554,2554,92921615616.0,50,0.14733200014083872,14.733200014083872
2016-06-01,653939911167.0938,2551,2551,111204879744.0,50,0.17005366677426284,17.005366677426284
2016-06-02,560498496924.375,2552,2552,86516082560.0,50,0.15435560137045853,15.435560137045853
2016-06-03,644484076431.125,2558,2558,109916009856.0,50,0.17054883724151493,17.054883724151495
2016-06-06,527812610555.75,2556,2556,84587211904.0,50,0.1602599297787439,16.025992977874388
2016-06-07,508963623791.78125,2568,2568,80698742976.0,50,0.1585550306617082,15.85550306617082
2016-06-08,545709707645.39453,2570,2570,97967893632.0,50,0.17952382422278645,17.952382422278646
2016-06-13,588866856756.0469,2565,2565,94518947584.0,50,0.16050987842088196,16.050987842088198
2016-06-14,412534822196.35547,2566,2566,71504055680.0,50,0.17332853333279583,17.332853333279584
2016-06-15,572867507528.0,2573,2573,92474262400.0,50,0.16142347259148773,16.142347259148774
2016-06-16,593828921454.8008,2571,2571,101538731776.0,50,0.17098987285301598,17.098987285301597
2016-06-17,570327924991.4375,2568,2568,90548944768.0,50,0.15876645838332296,15.876645838332296
2016-06-20,499991091278.46875,2564,2564,71688501504.0,50,0.14337955766510502,14.337955766510502
2016-06-21,592629119646.9531,2567,2567,89691478016.0,50,0.15134504033388013,15.134504033388014
2016-06-22,485827655373.15625,2575,2575,74021593728.0,50,0.1523618363617963,15.236183636179629
2016-06-23,523418470107.3125,2577,2577,72646043392.0,50,0.13879151680892335,13.879151680892335
2016-06-24,646423959831.7188,2582,2582,91195323392.0,50,0.14107664483188487,14.107664483188486
2016-06-27,582756000028.6875,2577,2577,76170761216.0,50,0.1307078111804088,13.07078111804088
2016-06-28,664764082300.5,2582,2582,83694285056.0,50,0.12590073273267918,12.590073273267919
2016-06-29,643996377227.4258,2583,2583,92457330688.0,50,0.1435680913082977,14.35680913082977
2016-06-30,574917545533.25,2583,2583,84122388608.0,50,0.14632078854016264,14.632078854016264
2016-07-01,520113585389.5,2591,2591,73104857792.0,50,0.14055556294930002,14.055556294930001
2016-07-04,658307907376.9297,2591,2591,85757040128.0,50,0.1302688896290255,13.02688896290255
2016-07-05,707591079906.8203,2601,2601,95410775680.0,50,0.13483886158169806,13.483886158169806
2016-07-06,663147067241.375,2603,2603,103759042176.0,50,0.15646460235076837,15.646460235076837
2016-07-07,733111715519.6602,2605,2605,108747201792.0,50,0.148336466993868,14.833646699386799
2016-07-08,589955154745.8125,2605,2605,91136325824.0,50,0.15448009071683916,15.448009071683916
2016-07-11,699372228904.8438,2602,2602,102546629888.0,50,0.1466266826873854,14.66266826873854
2016-07-12,734309243805.4258,2611,2611,103485601280.0,50,0.14092918229342238,14.092918229342239
2016-07-13,728681469256.8672,2606,2606,98057081728.0,50,0.1345678267734759,13.45678267734759
2016-07-14,587596039997.0,2610,2610,76105677696.0,50,0.12952040605377219,12.952040605377219
2016-07-15,567728623462.5469,2613,2613,79752871872.0,50,0.14047710222111306,14.047710222111306
2016-07-18,557405395563.2422,2617,2617,82138362176.0,50,0.14735839091223998,14.735839091223998
2016-07-19,516285244987.53125,2620,2620,78407296640.0,50,0.1518681724903713,15.18681724903713
2016-07-20,504925441989.4844,2619,2619,72227338944.0,50,0.14304555274420933,14.304555274420933
2016-07-21,556361856197.1875,2620,2620,78404735040.0,50,0.14092399427938415,14.092399427938416
2016-07-22,539486248722.21875,2622,2622,80965867456.0,50,0.15007957598135052,15.007957598135052
2016-07-25,491266409842.8125,2622,2622,75429445888.0,50,0.1535408169105938,15.35408169105938
2016-07-26,484715295002.89844,2632,2632,68475828480.0,50,0.14127020373803253,14.127020373803253
2016-07-27,805893679461.3125,2637,2637,97236239360.0,50,0.12065641143258017,12.065641143258016
2016-07-28,556450985709.25,2643,2643,76355826688.0,50,0.13721932146580204,13.721932146580205
2016-07-29,431049901877.25,2644,2644,60563491712.0,50,0.1405022746745611,14.05022746745611
2016-08-01,416968365362.125,2647,2647,53701555008.0,50,0.1287904778132551,12.879047781325509
2016-08-02,322204685045.8125,2656,2656,47839582016.0,50,0.14847574922505535,14.847574922505535
2016-08-03,381399650286.00195,2653,2653,57846499200.0,50,0.1516689885704467,15.16689885704467
2016-08-04,404469272061.4375,2653,2653,68811712256.0,50,0.17012840531813683,17.012840531813683
2016-08-05,401944688506.0469,2656,2656,71282641728.0,50,0.17734440525372838,17.73444052537284
2016-08-08,413894950190.8672,2662,2662,69694350528.0,50,0.1683865688524601,16.83865688524601
2016-08-09,462960830042.71875,2668,2668,76218566720.0,50,0.16463286259653348,16.463286259653348
2016-08-10,468161235289.4453,2672,2672,78550142016.0,50,0.16778437874600105,16.778437874600105
2016-08-11,450052689822.3125,2673,2673,80073561024.0,50,0.17792041428663438,17.79204142866344
2016-08-12,426377361318.71875,2680,2680,80577962304.0,50,0.18898274067550144,18.898274067550144
2016-08-15,750368996085.9844,2677,2677,141061650048.0,50,0.18798971010768656,18.798971010768657
2016-08-16,708981296052.1445,2680,2680,134702789376.0,50,0.18999484207280526,18.999484207280524
2016-08-17,618197696358.8594,2684,2684,108149991424.0,50,0.17494402205151488,17.494402205151488
2016-08-18,634797182437.9062,2688,2688,114992037376.0,50,0.1811476807984228,18.114768079842282
2016-08-19,536244074012.75,2688,2688,97891008384.0,50,0.18254935229675376,18.254935229675375
2016-08-22,533910221487.66406,2691,2691,90266461696.0,50,0.1690667420535338,16.90667420535338
2016-08-23,459834070390.7656,2692,2692,79456260096.0,50,0.17279332962100505,17.279332962100504
2016-08-24,448678829674.25,2693,2693,78379482240.0,50,0.174689504064422,17.4689504064422
2016-08-25,510708577208.84375,2685,2684,88362734080.0,50,0.17301987478441327,17.301987478441326
2016-08-26,475128184978.7656,2685,2685,76661089984.0,50,0.16134822645267008,16.134822645267008
2016-08-29,431806491239.97656,2678,2678,66664147712.0,50,0.15438431117736806,15.438431117736807
2016-08-30,422376730024.9844,2686,2686,66223708544.0,50,0.1567882504798092,15.67882504798092
2016-08-31,440954391900.3125,2685,2685,78375392000.0,50,0.17774035918371914,17.774035918371915
2016-09-01,454683980276.02734,2693,2693,78238452800.0,50,0.17207215603352327,17.207215603352328
2016-09-02,430724701547.1211,2691,2691,70096000256.0,50,0.1627396803671162,16.27396803671162
2016-09-05,409773675717.83594,2697,2697,67745549952.0,50,0.16532430940890547,16.532430940890546
2016-09-06,532086978602.9219,2697,2697,86026008256.0,50,0.16167658994752104,16.167658994752106
2016-09-07,560271109268.3125,2693,2693,74848772224.0,50,0.13359384588248527,13.359384588248528
2016-09-08,448831765376.6875,2695,2695,66595342144.0,50,0.1483748417140419,14.837484171404189
2016-09-09,480817008700.0625,2691,2691,67892636928.0,50,0.14120265235948,14.120265235948
2016-09-12,539528289888.25,2684,2684,71514950016.0,50,0.13255088075328275,13.255088075328276
2016-09-13,396606709691.0547,2686,2686,68966845632.0,50,0.17389228156458372,17.389228156458373
2016-09-14,374547872227.7246,2681,2681,67132319040.0,50,0.1792356171741476,17.92356171741476
2016-09-19,345317607332.5,2677,2677,54104959488.0,50,0.156681728180467,15.668172818046699
2016-09-20,355823908041.3164,2686,2686,62199369792.0,50,0.17480379588427694,17.480379588427695
2016-09-21,351403818854.8125,2683,2683,56662765760.0,50,0.16124686961188384,16.124686961188385
2016-09-22,416879869410.6504,2684,2684,70262016448.0,50,0.16854259848845787,16.854259848845786
2016-09-23,395466329835.9844,2682,2682,65183471872.0,50,0.16482685618023202,16.4826856180232
2016-09-26,424735734162.75,2686,2686,55363564928.0,50,0.13034826240164155,13.034826240164154
2016-09-27,350086961070.5625,2690,2690,50561705408.0,50,0.144426131305727,14.4426131305727
2016-09-28,304985014019.16406,2698,2698,48007226496.0,50,0.15740847677513561,15.740847677513562
2016-09-29,323023705428.6875,2697,2697,47254206016.0,50,0.14628711522359805,14.628711522359804
2016-09-30,298321608546.9219,2703,2703,42543237184.0,50,0.14260863432327778,14.260863432327778
2016-10-10,453850342106.60156,2703,2703,54146678400.0,50,0.11930513955034518,11.930513955034519
2016-10-11,462978312105.375,2703,2703,65957473152.0,50,0.14246341875510557,14.246341875510558
2016-10-12,425040127438.3828,2720,2720,60073154432.0,50,0.1413352541418779,14.133525414187789
2016-10-13,431817179765.0293,2719,2719,57118311936.0,50,0.13227429248433464,13.227429248433465
2016-10-14,423250342249.14844,2724,2724,60860557056.0,50,0.1437932849211357,14.379328492113569
2016-10-17,463335644285.13086,2727,2727,60399398144.0,50,0.1303577630794815,13.035776307948149
2016-10-18,482458137580.39453,2726,2726,69131501632.0,50,0.14329015565724654,14.329015565724653
2016-10-19,494791204535.03125,2726,2726,70427922176.0,50,0.14233867039367248,14.233867039367249
2016-10-20,474588503952.875,2725,2725,66858002048.0,50,0.14087573021920222,14.087573021920221
2016-10-21,505584367624.1758,2728,2728,76751157440.0,50,0.15180682464662887,15.180682464662887
2016-10-24,563280113910.0391,2735,2735,86625624320.0,50,0.15378782630667287,15.378782630667287
2016-10-25,538153039589.8047,2741,2741,72756644992.0,50,0.1351969414638207,13.519694146382069
2016-10-26,546800528540.2969,2747,2747,77883231360.0,50,0.14243444783770054,14.243444783770054
2016-10-27,453500399077.34375,2747,2747,67408834688.0,50,0.14864118052628997,14.864118052628998
2016-10-28,510779788264.0039,2749,2749,80507356224.0,50,0.15761656603058188,15.761656603058189
2016-10-31,434866254938.8125,2750,2750,64981740928.0,50,0.14942925598387302,14.942925598387301
2016-11-01,483456427290.25,2755,2755,73475394048.0,50,0.15197935098272672,15.197935098272671
2016-11-02,547993618232.53125,2750,2750,90732653952.0,50,0.16557246459300778,16.557246459300778
2016-11-03,640109593804.875,2758,2758,112461992064.0,50,0.1756917770838502,17.56917770838502
2016-11-04,566106017652.8203,2761,2761,88764842752.0,50,0.15679897401556578,15.679897401556579
2016-11-07,511097115225.41016,2760,2760,81820372672.0,50,0.1600877215593647,16.00877215593647
2016-11-08,525645570607.25,2759,2759,78101998144.0,50,0.14858300442591568,14.858300442591569
2016-11-09,653190925487.4375,2760,2760,108326061824.0,50,0.16584134530522252,16.584134530522253
2016-11-10,654673146815.2188,2760,2760,105301044736.0,50,0.1608452175688843,16.08452175688843
2016-11-11,759866347280.6211,2759,2759,124867102720.0,50,0.16432771785047373,16.432771785047372
2016-11-14,767460856697.9375,2758,2758,132182142336.0,50,0.17223307375535005,17.223307375535004
2016-11-15,630231036191.6875,2754,2754,98485082240.0,50,0.1562682200405715,15.62682200405715
2016-11-16,627033960026.9297,2756,2756,90396878080.0,50,0.14416584083598544,14.416584083598543
2016-11-17,545123900229.10156,2747,2747,81461651776.0,50,0.14943694771365512,14.943694771365513
2016-11-18,543865889777.99805,2748,2748,89803681600.0,50,0.16512100370305846,16.512100370305845
2016-11-21,592763530425.0469,2748,2748,100911830272.0,50,0.17023960667694957,17.023960667694958
2016-11-22,663315208711.7344,2755,2755,104406887552.0,50,0.15740161868860975,15.740161868860975
2016-11-23,679576416395.2812,2759,2759,106403997696.0,50,0.15657399981654047,15.657399981654047
2016-11-24,633359061607.375,2761,2761,100344304000.0,50,0.15843193866262917,15.843193866262917
2016-11-25,612048105264.1719,2760,2760,92676471808.0,50,0.15142024133544052,15.142024133544052
2016-11-28,641574714953.0156,2758,2758,126921632384.0,50,0.19782829563863788,19.78282956386379
2016-11-29,689335759509.8516,2763,2763,146501354752.0,50,0.21252539525320577,21.252539525320575
2016-11-30,563053878469.7148,2772,2772,114005225344.0,50,0.20247658297612106,20.247658297612105
2016-12-01,559163950500.8906,2771,2771,123504043392.0,50,0.22087268551802552,22.087268551802552
2016-12-02,596926740655.2773,2775,2775,116606315392.0,50,0.19534443249098746,19.534443249098747
2016-12-05,510606819497.5625,2778,2778,118327130624.0,50,0.2317382496779694,23.17382496779694
2016-12-06,419705658136.6953,2783,2783,84919376512.0,50,0.2023307879360119,20.233078793601187
2016-12-07,437316363724.375,2783,2783,77179240704.0,50,0.17648377034581614,17.648377034581614
2016-12-08,454294780549.64453,2787,2787,83612851072.0,50,0.18404977264065867,18.404977264065867
2016-12-09,486437157873.0781,2787,2787,95205059328.0,50,0.1957191340897544,19.57191340897544
2016-12-12,651173512155.0898,2785,2785,103079555584.0,50,0.15829813968147027,15.829813968147027
2016-12-13,457599863090.5781,2791,2791,79515949376.0,50,0.173767423877617,17.376742387761702
2016-12-14,468539416179.69336,2799,2799,88386092032.0,50,0.18864174278584564,18.864174278584564
2016-12-15,458079410898.4453,2791,2791,79369696640.0,50,0.17326623889148338,17.326623889148337
2016-12-16,433324679417.3594,2791,2791,72525906368.0,50,0.16737081872538864,16.737081872538866
2016-12-19,399157838501.8125,2789,2789,65133784896.0,50,0.16317801784995947,16.317801784995947
2016-12-20,384075261725.0625,2798,2798,64476551232.0,50,0.16787478303706807,16.787478303706806
2016-12-21,429344999232.59375,2801,2801,74005308224.0,50,0.17236792871997164,17.236792871997164
2016-12-22,396775018813.96094,2798,2798,63863378688.0,50,0.16095614809344672,16.09561480934467
2016-12-23,404393937322.25,2804,2804,70153075328.0,50,0.1734770698901379,17.34770698901379
2016-12-26,378082661666.47656,2810,2810,57979525120.0,50,0.15335145194028046,15.335145194028046
2016-12-27,362781491121.44434,2817,2817,60706784384.0,50,0.1673370496282509,16.73370496282509
2016-12-28,351349838299.6094,2820,2820,60142782272.0,50,0.17117634823191227,17.117634823191228
2016-12-29,342220494958.0742,2820,2820,56523554816.0,50,0.1651670652364779,16.51670652364779
2016-12-30,342980344987.96094,2832,2832,56140255488.0,50,0.16368359385133455,16.368359385133456
2017-01-03,359077014633.0,2830,2830,53363640384.0,50,0.14861335649273208,14.861335649273208
2017-01-04,450394696409.28125,2838,2838,62360156928.0,50,0.1384566857140171,13.84566857140171
2017-01-05,449781729413.39355,2837,2837,66411077632.0,50,0.1476517903886703,14.76517903886703
2017-01-06,454497823209.0781,2843,2843,65373568960.0,50,0.14383692423082706,14.383692423082707
2017-01-09,415202900926.08594,2843,2843,62259503296.0,50,0.14994958647238205,14.994958647238205
2017-01-10,417215660251.5117,2847,2847,66914007104.0,50,0.16038229980068813,16.038229980068813
2017-01-11,404301594947.6875,2848,2848,61688031744.0,50,0.15257924409618467,15.257924409618468
2017-01-12,363485333323.28516,2854,2854,55462543424.0,50,0.15258536820981278,15.258536820981277
2017-01-13,383442915222.9336,2860,2860,54427755520.0,50,0.141944871998367,14.1944871998367
2017-01-16,521383893155.89453,2854,2854,74381659776.0,50,0.14266198237497102,14.266198237497102
2017-01-17,355317825152.8164,2859,2859,50917238336.0,50,0.14330054596642125,14.330054596642125
2017-01-18,316493963331.1406,2864,2864,54957179072.0,50,0.17364368815622408,17.36436881562241
2017-01-19,297713061883.0547,2863,2863,51534658432.0,50,0.17310177157172715,17.310177157172717
2017-01-20,322727815201.89844,2874,2874,52028188352.0,50,0.16121383376716747,16.121383376716746
2017-01-23,331570271880.6094,2880,2880,50771380160.0,50,0.15312404176657182,15.312404176657182
2017-01-24,305839154795.3047,2883,2883,48630871872.0,50,0.15900799851656727,15.900799851656727
2017-01-25,283229481605.2422,2889,2889,47016623744.0,50,0.16600187055926097,16.600187055926096
2017-01-26,269642876826.15234,2891,2891,47500581952.0,50,0.1761610857705883,17.61610857705883
2017-02-03,239797969251.63672,2884,2884,43118837248.0,50,0.17981318767029425,17.981318767029425
2017-02-06,328961985772.6836,2885,2885,48877352064.0,50,0.14858054783805566,14.858054783805565
2017-02-07,350888289102.3828,2887,2887,51303722496.0,50,0.1462109853459102,14.62109853459102
2017-02-08,386201301943.4336,2894,2894,60260395712.0,50,0.15603364206376047,15.603364206376046
2017-02-09,458311271947.2344,2892,2892,68945109888.0,50,0.15043293522996243,15.043293522996242
2017-02-10,498102470936.14453,2893,2893,83004202048.0,50,0.16664081567794697,16.664081567794696
2017-02-13,484129195431.66797,2894,2894,77048031808.0,50,0.15914766664567925,15.914766664567924
2017-02-14,430841520305.2871,2895,2895,72253481984.0,50,0.16770315435894476,16.770315435894474
2017-02-15,519174115603.4961,2902,2902,76145027648.0,50,0.14666568567172852,14.666568567172853
2017-02-16,450993924330.14844,2901,2901,69573145024.0,50,0.15426625785998224,15.426625785998224
2017-02-17,498920612811.9082,2903,2903,80719760000.0,50,0.16178878548445771,16.17887854844577
2017-02-20,498136249480.59375,2886,2886,80659257856.0,50,0.16192208043502826,16.192208043502827
2017-02-21,498423460211.51953,2893,2893,66411359808.0,50,0.13324284490905894,13.324284490905894
2017-02-22,501595409284.54297,2894,2894,69343588672.0,50,0.13824605925103883,13.824605925103883
2017-02-23,517612280197.9531,2896,2896,67939568832.0,50,0.13125571287840682,13.125571287840682
2017-02-24,475973687868.2969,2896,2896,63332353664.0,50,0.1330585183135674,13.30585183135674
2017-02-27,466831606747.15625,2895,2895,60493820608.0,50,0.1295838150923754,12.95838150923754
2017-02-28,418821809371.6875,2895,2895,62397043904.0,50,0.14898231779669605,14.898231779669604
2017-03-01,496019582811.1328,2899,2899,74372495232.0,50,0.14993862704069585,14.993862704069585
2017-03-02,486392983568.0703,2903,2903,75291940800.0,50,0.15479651915962095,15.479651915962094
2017-03-03,449214964219.75,2902,2902,70563715136.0,50,0.15708228967519694,15.708228967519695
2017-03-06,478636446464.59375,2904,2904,65509189504.0,50,0.136866279172591,13.6866279172591
2017-03-07,495211130803.7344,2909,2909,70004149120.0,50,0.14136222868492943,14.136222868492943
2017-03-08,455376215067.1719,2908,2908,66130232320.0,50,0.14522109440925726,14.522109440925727
2017-03-09,450043981961.4297,2908,2908,68143352192.0,50,0.15141487259758563,15.141487259758563
2017-03-10,417590146109.375,2914,2914,69655281088.0,50,0.1668029807143867,16.68029807143867
2017-03-13,474274516565.3125,2911,2911,75428597952.0,50,0.15903995537911786,15.903995537911786
2017-03-14,459713996115.375,2914,2914,70260083072.0,50,0.15283433540354238,15.283433540354238
2017-03-15,442327002382.8906,2916,2916,73368820288.0,50,0.16587009134135994,16.587009134135993
2017-03-16,550096959908.8164,2914,2914,86170681664.0,50,0.15664635136010127,15.664635136010126
2017-03-17,599937671584.9375,2922,2922,96533847872.0,50,0.16090646152786725,16.090646152786725
2017-03-20,495476003691.09375,2914,2914,80123530048.0,50,0.16171021290862211,16.17102129086221
2017-03-21,496115442902.2383,2921,2921,85622214912.0,50,0.17258526445199213,17.258526445199212
2017-03-22,545530361552.66406,2922,2922,85213370304.0,50,0.15620280063142503,15.620280063142502
2017-03-23,578450849896.3359,2927,2927,88984063616.0,50,0.15383167581471582,15.383167581471582
2017-03-24,562106234669.8887,2933,2933,101407102080.0,50,0.18040558141034305,18.040558141034303
2017-03-27,536875587777.66406,2930,2930,86717403008.0,50,0.16152234331785675,16.152234331785674
2017-03-28,465596097228.55273,2932,2932,79422519232.0,50,0.1705824419593726,17.05824419593726
2017-03-29,539563108502.8906,2943,2943,88047756928.0,50,0.16318342662882093,16.318342662882092
2017-03-30,581720324084.8906,2945,2945,87528942336.0,50,0.150465676910451,15.046567691045102
2017-03-31,463347318266.33594,2944,2944,75139068288.0,50,0.16216575628222246,16.216575628222245
2017-04-05,575670876386.9688,2941,2941,102564143872.0,50,0.1781645521408241,17.81645521408241
2017-04-06,552765764296.5156,2940,2940,106129706496.0,50,0.19199761155806622,19.199761155806623
2017-04-07,566028141008.1562,2944,2944,105258401536.0,50,0.18595966156121427,18.595966156121428
2017-04-10,625213387714.2676,2938,2938,115952233856.0,50,0.1854602542660075,18.54602542660075
2017-04-11,709759015816.8789,2933,2933,140844685568.0,50,0.1984401500076733,19.844015000767328
2017-04-12,652759955344.6562,2952,2952,154555144320.0,50,0.2367717919191215,23.677179191912153
2017-04-13,492804999181.41016,2943,2943,105496769152.0,50,0.21407406444179514,21.407406444179514
2017-04-14,510726943711.5508,2943,2943,99705644416.0,50,0.19522299663969153,19.522299663969154
2017-04-17,500031351726.8047,2960,2960,118999123392.0,50,0.2379833244076582,23.798332440765822
2017-04-18,467523369053.64844,2963,2963,112471333184.0,50,0.24056836647901098,24.056836647901097
2017-04-19,493137963969.5117,2968,2968,98009627136.0,50,0.1987468706466482,19.87468706466482
2017-04-20,464583264740.34375,2956,2956,100762306432.0,50,0.2168875077502333,21.68875077502333
2017-04-21,382265002623.3125,2960,2960,87557607936.0,50,0.22904950056932125,22.904950056932126
2017-04-24,411562929149.3125,2953,2953,77594186112.0,50,0.18853541127327653,18.853541127327652
2017-04-25,386618652050.8594,2961,2961,91954300032.0,50,0.23784237916152964,23.784237916152964
2017-04-26,430315258729.96094,2965,2965,110724645120.0,50,0.2573105249551095,25.731052495510948
2017-04-27,520530382105.375,2964,2964,120479760000.0,50,0.2314557692342545,23.145576923425452
2017-04-28,416140197045.5625,2961,2961,101016528896.0,50,0.24274638598524975,24.274638598524977
2017-05-02,401323018909.0781,2946,2946,102489670208.0,50,0.25537949576527924,25.537949576527925
2017-05-03,431040436212.83594,2964,2964,106673204096.0,50,0.2474784153274374,24.747841532743738
2017-05-04,452853925755.7031,2962,2962,114741047168.0,50,0.25337319749746035,25.337319749746033
2017-05-05,436213876193.53516,2965,2965,94895550976.0,50,0.21754363204598667,21.75436320459867
2017-05-08,418913823465.59375,2964,2964,92569384448.0,50,0.2209747667961664,22.09747667961664
2017-05-09,347906654115.42773,2970,2970,70216215424.0,50,0.20182487053180595,20.182487053180594
2017-05-10,402180015761.0156,2967,2967,82182738880.0,50,0.20434316887797535,20.434316887797536
2017-05-11,426645614979.8281,2974,2974,77089077632.0,50,0.18068644074929677,18.068644074929676
2017-05-12,373354076031.1094,2966,2966,88503035776.0,50,0.237048532365897,23.704853236589702
2017-05-15,349317227255.9375,2965,2965,78851291008.0,50,0.2257297518001518,22.57297518001518
2017-05-16,460391852272.875,2959,2959,100565811072.0,50,0.21843525374205466,21.843525374205466
2017-05-17,473155005187.3906,2964,2964,102462055040.0,50,0.21655071576262927,21.655071576262927
2017-05-18,399848305137.18555,2968,2968,88881427328.0,50,0.2222878681391567,22.228786813915672
2017-05-19,353664273417.0703,2980,2980,79399675648.0,50,0.22450578589928788,22.45057858992879
2017-05-22,386838081498.4844,2981,2981,75777478912.0,50,0.19588939800978952,19.588939800978952
2017-05-23,420422361082.8047,2984,2984,79548688768.0,50,0.1892113648834497,18.92113648834497
2017-05-24,342096875108.0703,2987,2987,65135533248.0,50,0.19040084253158793,19.040084253158792
2017-05-25,428478438249.5156,2984,2984,93760953344.0,50,0.21882303746028928,21.882303746028928
2017-05-26,379323309127.06006,2985,2985,81229690112.0,50,0.21414368207146187,21.414368207146186
2017-05-31,388743826313.10156,2984,2984,78442770560.0,50,0.2017852509812483,20.17852509812483
2017-06-01,381774086415.5156,2981,2981,74640807808.0,50,0.1955104090715114,19.55104090715114
2017-06-02,341043418876.09375,2980,2980,60756041984.0,50,0.17814752791366306,17.814752791366306
2017-06-05,321827286405.21875,2973,2973,62645332160.0,50,0.194655129649641,19.4655129649641
2017-06-06,297673344349.8828,2974,2974,58938214016.0,50,0.19799627724383848,19.799627724383846
2017-06-07,455458659108.34766,2978,2978,80316529536.0,50,0.17634208490675274,17.634208490675274
2017-06-08,426231865669.9297,2979,2979,79647273792.0,50,0.1868637242004758,18.686372420047583
2017-06-09,405144828199.15625,2984,2984,79513252544.0,50,0.19625883637076524,19.625883637076523
2017-06-12,386951456854.27344,2986,2986,76292523904.0,50,0.19716303570535954,19.716303570535953
2017-06-13,356800146845.1172,2988,2988,63763389440.0,50,0.1787089775713544,17.870897757135438
2017-06-14,382186563223.0625,2994,2994,71719594688.0,50,0.18765598163151798,18.765598163151797
2017-06-15,412887256573.60156,2996,2996,68064421824.0,50,0.16484989725486185,16.484989725486184
2017-06-16,362991282624.0078,3005,3005,70670895488.0,50,0.19469033795283192,19.469033795283192
2017-06-19,350765603473.0625,3005,3005,64481698624.0,50,0.18383130496702751,18.38313049670275
2017-06-20,398260547713.27734,3012,3012,73455918464.0,50,0.18444186572274707,18.444186572274706
2017-06-21,392032246682.33594,3019,3019,78756832448.0,50,0.20089376094568243,20.08937609456824
2017-06-22,477732859634.75,3015,3015,96427345280.0,50,0.2018436524414992,20.18436524414992
2017-06-23,405123647076.10156,3021,3021,77988389248.0,50,0.19250515197240525,19.250515197240524
2017-06-26,438865839812.9883,3019,3019,99266162240.0,50,0.22618794454883934,22.618794454883933
2017-06-27,382727312499.0547,3023,3023,72080685696.0,50,0.18833431360135303,18.833431360135304
2017-06-28,371485960121.1719,3023,3023,76319293056.0,50,0.2054432771324818,20.54432771324818
2017-06-29,351250825200.46094,3023,3023,73374749184.0,50,0.20889559232245103,20.8895592322451
2017-06-30,337646102714.27344,3020,3020,65741722880.0,50,0.1947060023839004,19.47060023839004
2017-07-03,369503888032.8281,3020,3020,69479944832.0,50,0.188035761144216,18.8035761144216
2017-07-04,383812450174.22266,3024,3024,78652374784.0,50,0.2049239797935101,20.49239797935101
2017-07-05,409662054977.2461,3029,3029,83250749312.0,50,0.20321811185715993,20.321811185715994
2017-07-06,476150900552.3711,3025,3025,90413422976.0,50,0.18988396928602588,18.988396928602587
2017-07-07,466021147346.03125,3025,3025,81628680256.0,50,0.17516089284975914,17.516089284975912
2017-07-10,500332113561.8125,3023,3023,88541117312.0,50,0.17696468987705977,17.696468987705977
2017-07-11,457004618408.65625,3027,3027,91687220608.0,50,0.20062646396718192,20.062646396718193
2017-07-12,448243089167.8047,3029,3029,91165552256.0,50,0.2033841780477985,20.338417804779848
2017-07-13,437740048815.65625,3026,3026,94508852352.0,50,0.2159017723137326,21.590177231373257
2017-07-14,385225636169.75,3031,3031,78877080768.0,50,0.2047555338016049,20.47555338016049
2017-07-17,569019675608.7344,3031,3031,112067784320.0,50,0.19694887386821985,19.694887386821986
2017-07-18,411974923354.1406,3020,3020,85216139072.0,50,0.2068478789393372,20.68478789393372
2017-07-19,524122966085.9531,3021,3021,113539303424.0,50,0.216627224469649,21.6627224469649
2017-07-20,502912614915.7627,3022,3022,106818583168.0,50,0.2123998881712124,21.23998881712124
2017-07-21,443747159404.1416,3031,3031,92454821632.0,50,0.20835022753981622,20.835022753981622
2017-07-24,492505573251.2422,3035,3035,101155190400.0,50,0.20538892531150635,20.538892531150633
2017-07-25,434060036160.9531,3036,3036,91128258432.0,50,0.20994390370047536,20.994390370047537
2017-07-26,460464686672.6953,3037,3037,104480883456.0,50,0.22690314041447104,22.690314041447106
2017-07-27,552125428002.2441,3046,3046,106558450816.0,50,0.19299681813525693,19.299681813525694
2017-07-28,458562720237.8281,3047,3047,100975081344.0,50,0.22019906304557524,22.019906304557523
2017-07-31,540033453359.28125,3048,3048,109614020224.0,50,0.20297635182069804,20.297635182069804
2017-08-01,541554050337.1406,3053,3053,111643833472.0,50,0.20615455355286683,20.615455355286684
2017-08-02,584206431825.4766,3065,3065,126022157184.0,50,0.2157151142451772,21.57151142451772
2017-08-03,521834518268.6719,3067,3067,113112525952.0,50,0.21675937867675293,21.675937867675295
2017-08-04,566630711794.0078,3064,3064,120961936768.0,50,0.21347578634596556,21.347578634596555
2017-08-07,459314224772.4844,3069,3069,103538541696.0,50,0.22541984574348103,22.541984574348103
2017-08-08,526728622841.1797,3073,3073,115255852672.0,50,0.21881448562697947,21.881448562697948
2017-08-09,496976574451.46875,3079,3079,107071162624.0,50,0.21544508962455294,21.544508962455293
2017-08-10,523537384953.09375,3085,3085,103963060480.0,50,0.19857810247746596,19.857810247746595
2017-08-11,535519576899.1094,3086,3086,108913873664.0,50,0.20337981721351545,20.337981721351543
2017-08-14,471794684102.5,3090,3090,101965549696.0,50,0.21612271848711084,21.612271848711085
2017-08-15,454943910573.8125,3090,3090,98323351936.0,50,0.21612192107810949,21.612192107810948
2017-08-16,490843319547.0,3094,3094,101007470848.0,50,0.20578352974472575,20.578352974472576
2017-08-17,525125099841.6875,3089,3089,103899344384.0,50,0.19785636682634888,19.785636682634888
2017-08-18,479656504516.1328,3095,3095,96012780544.0,50,0.2001698708138142,20.016987081381423
2017-08-21,455328321845.4844,3102,3102,90273682112.0,50,0.19826063475716402,19.826063475716403
2017-08-22,484415445024.5625,3100,3100,109711222272.0,50,0.22648167683100412,22.64816768310041
2017-08-23,430738976677.64844,3107,3107,93547520384.0,50,0.21717913968581495,21.717913968581495
2017-08-24,407417170935.3125,3106,3106,79511318912.0,50,0.19515946941918258,19.51594694191826
2017-08-25,465854897051.375,3111,3111,103754630528.0,50,0.22271877184229283,22.271877184229282
2017-08-28,640412088932.5234,3116,3116,148605481728.0,50,0.23204665292265855,23.204665292265855
2017-08-29,564919436956.4961,3115,3115,112153233408.0,50,0.19852960629612185,19.852960629612184
2017-08-30,560725984231.1562,3113,3113,108992435712.0,50,0.1943773585977932,19.43773585977932
2017-08-31,545457605741.28125,3114,3114,108228048000.0,50,0.19841697477646722,19.841697477646722
2017-09-01,640326466179.5,3130,3130,129268079488.0,50,0.20187839534304494,20.187839534304494
2017-09-04,645945659109.5312,3126,3126,116512852736.0,50,0.18037562617359928,18.037562617359928
2017-09-05,562186265216.625,3133,3133,101471923584.0,50,0.18049520214603648,18.04952021460365
2017-09-06,600766693760.6328,3133,3133,119432801920.0,50,0.1988006378522481,19.88006378522481
2017-09-07,628288288933.3516,3131,3131,119082754176.0,50,0.1895352122163019,18.95352122163019
2017-09-08,552167421108.9336,3122,3122,105108481792.0,50,0.19035618142937089,19.03561814293709
2017-09-11,589126334858.9375,3122,3122,116763770880.0,50,0.1981981859764567,19.819818597645668
2017-09-12,756436712177.0,3124,3124,160488381184.0,50,0.21216365969615583,21.216365969615584
2017-09-13,539052918504.53906,3128,3128,102879365504.0,50,0.19085207031141174,19.085207031141174
2017-09-14,585640521404.2031,3130,3130,104028294144.0,50,0.17763165344940454,17.763165344940454
2017-09-15,564831061471.9531,3134,3134,114927612928.0,50,0.2034725438585087,20.347254385850867
2017-09-18,515822621773.6133,3136,3136,103529641344.0,50,0.20070783438698736,20.070783438698736
2017-09-19,523433620192.2969,3146,3146,98166224256.0,50,0.18754283345409892,18.754283345409892
2017-09-20,541202969453.7656,3148,3148,100792954368.0,50,0.18623873122819337,18.623873122819337
2017-09-21,552066340515.0,3157,3157,103481280000.0,50,0.18744355959732406,18.744355959732406
2017-09-22,486913101969.4375,3164,3164,86099463040.0,50,0.1768271642142098,17.68271642142098
2017-09-25,467933548088.0781,3166,3166,84465509504.0,50,0.1805074884011121,18.05074884011121
2017-09-26,401091276250.03906,3175,3175,78013182336.0,50,0.19450231644371846,19.450231644371847
2017-09-27,417704507772.1953,3173,3173,89187195648.0,50,0.21351743634196133,21.351743634196133
2017-09-28,441040634247.1992,3177,3177,85304613312.0,50,0.19341667567117535,19.341667567117536
2017-09-29,433929253224.9531,3180,3180,89174304256.0,50,0.20550424658687663,20.550424658687664
2017-10-09,537638689659.7031,3178,3178,112789695360.0,50,0.20978716288329233,20.97871628832923
2017-10-10,541788057907.1875,3181,3181,107905657600.0,50,0.19916581036654205,19.916581036654204
2017-10-11,567948040456.5938,3181,3181,104913578496.0,50,0.18472390258034208,18.472390258034206
2017-10-12,480929907657.6875,3183,3183,83779555328.0,50,0.17420325497334624,17.420325497334623
2017-10-13,458314519783.5625,3190,3190,78153035968.0,50,0.17052271441216288,17.052271441216288
2017-10-16,545417269827.1094,3191,3191,94051775616.0,50,0.17244003961556492,17.24400396155649
2017-10-17,389148288421.3008,3187,3187,73121448704.0,50,0.18790124710721343,18.790124710721344
2017-10-18,441641485733.65625,3188,3188,80094095744.0,50,0.18135546213677692,18.135546213677692
2017-10-19,432972520686.21094,3187,3187,79383315904.0,50,0.1833449286300819,18.33449286300819
2017-10-20,362224044058.7969,3190,3190,70132667584.0,50,0.19361682012642964,19.361682012642962
2017-10-23,383347881679.56445,3193,3193,67982660032.0,50,0.17733933922928477,17.733933922928475
2017-10-24,406843016183.09375,3190,3190,73664695360.0,50,0.1810641756889549,18.106417568895488
2017-10-25,388988194378.1836,3195,3195,72788571584.0,50,0.18712282952534343,18.71228295253434
2017-10-26,511682018837.3281,3195,3195,108284857472.0,50,0.2116252936111587,21.16252936111587
2017-10-27,462715731690.1094,3198,3198,97757879872.0,50,0.21126984274973937,21.126984274973935
2017-10-30,561778408779.5938,3204,3204,120672794496.0,50,0.2148049704475993,21.48049704475993
2017-10-31,431472290137.71875,3213,3213,99294962624.0,50,0.23013056665193193,23.013056665193194
2017-11-01,481404061919.78516,3218,3218,107156284800.0,50,0.22259115216575617,22.259115216575616
2017-11-02,469603563169.625,3228,3228,98964562304.0,50,0.21074065459817032,21.07406545981703
2017-11-03,464947004303.0703,3233,3233,100039010432.0,50,0.215162178713148,21.5162178713148
2017-11-06,464478124020.9922,3236,3236,107351498880.0,50,0.23112283082496307,23.112283082496308
2017-11-07,525292370585.6992,3239,3239,129668889984.0,50,0.24685089151289144,24.685089151289144
2017-11-08,557840831369.2461,3243,3243,130938967168.0,50,0.23472460208157273,23.472460208157273
2017-11-09,481627394750.1875,3246,3246,109289501312.0,50,0.22691711996300945,22.691711996300945
2017-11-10,567494096818.7188,3246,3246,129105032832.0,50,0.22750022168643197,22.7500221686432
2017-11-13,595912509078.8594,3242,3242,131974935808.0,50,0.22146696670624053,22.146696670624053
2017-11-14,603067066621.6562,3242,3242,130249519360.0,50,0.21597849819531617,21.597849819531618
2017-11-15,523891258613.53125,3244,3244,121821546112.0,50,0.23253212209418903,23.2532122094189
2017-11-16,490351847063.1875,3237,3237,118421989504.0,50,0.2415041163059797,24.150411630597972
2017-11-17,645523029105.6641,3244,3244,153913093120.0,50,0.23843160689904117,23.843160689904117
2017-11-20,488903305928.3867,3241,3241,125516322560.0,50,0.2567303616850267,25.673036168502673
2017-11-21,562128728263.4844,3242,3242,162354575104.0,50,0.2888209887538432,28.882098875384322
2017-11-22,565570810805.4531,3241,3241,165602159488.0,50,0.2928053504956506,29.28053504956506
2017-11-23,554027843301.9688,3240,3240,155810768896.0,50,0.28123274088063566,28.123274088063567
2017-11-24,439802271260.3594,3238,3238,125696940800.0,50,0.28580330074191096,28.580330074191096
2017-11-27,431013880994.4531,3242,3242,125575894144.0,50,0.291349999805728,29.1349999805728
2017-11-28,371111805952.5117,3233,3233,95288430080.0,50,0.2567647500068842,25.67647500068842
2017-11-29,456691582418.0781,3236,3236,109900327040.0,50,0.24064452087796923,24.064452087796923
2017-11-30,402238379667.2969,3233,3233,100298813696.0,50,0.24935167494200847,24.935167494200847
2017-12-01,387355794398.35156,3236,3236,101930184192.0,50,0.2631435637882219,26.31435637882219
2017-12-04,406990413816.2578,3231,3231,94206296320.0,50,0.23147055341340522,23.147055341340522
2017-12-05,482270754534.2031,3237,3237,123979647616.0,50,0.2570747789501452,25.70747789501452
2017-12-06,393078561856.0469,3236,3236,98409630464.0,50,0.2503561374584441,25.035613745844408
2017-12-07,349747521716.7715,3229,3229,86577390912.0,50,0.24754254293790567,24.754254293790567
2017-12-08,372653210779.6719,3233,3233,89155652480.0,50,0.23924563079294797,23.924563079294796
2017-12-11,401760424977.0,3228,3228,101876131840.0,50,0.25357433312609673,25.357433312609672
2017-12-12,378390913839.03125,3229,3229,93315387968.0,50,0.24661106954512305,24.661106954512306
2017-12-13,335864129814.2344,3227,3227,83592754432.0,50,0.2488886040859289,24.88886040859289
2017-12-14,357901046935.4375,3232,3232,81877181376.0,50,0.22877044388967654,22.877044388967654
2017-12-15,376327015754.1875,3239,3239,89317407360.0,50,0.23733987628021133,23.733987628021133
2017-12-18,342376183363.9375,3239,3239,83273683968.0,50,0.24322277078333487,24.32227707833349
2017-12-19,332708723311.875,3238,3238,81988546560.0,50,0.24642740275596997,24.642740275596996
2017-12-20,362371857835.9375,3246,3246,86155997952.0,50,0.23775576411070753,23.77557641107075
2017-12-21,384846543335.875,3242,3242,96556906496.0,50,0.2508971645140383,25.08971645140383
2017-12-22,337112258183.4375,3245,3245,77283873408.0,50,0.22925263478833946,22.925263478833948
2017-12-25,381094019186.625,3249,3249,89548159360.0,50,0.23497655395150008,23.49765539515001
2017-12-26,364329043768.0,3248,3248,82807554240.0,50,0.22728782032741474,22.728782032741474
2017-12-27,409838173517.03125,3248,3248,96587414592.0,50,0.2356720794530532,23.56720794530532
2017-12-28,424083280960.875,3243,3243,105834180480.0,50,0.24955989832988495,24.955989832988497
2017-12-29,365636777549.41406,3250,3250,85987744704.0,50,0.23517258105246036,23.517258105246036
2018-01-02,445217296623.09766,3251,3251,112376956928.0,50,0.252409234278096,25.240923427809598
2018-01-03,531353171906.7969,3259,3259,126394672256.0,50,0.23787318668377222,23.78731866837722
2018-01-04,496099051734.66406,3257,3257,117901437568.0,50,0.23765705085656758,23.76570508565676
2018-01-05,498676910241.6406,3261,3261,119162255104.0,50,0.2389568328845591,23.89568328845591
2018-01-08,558139101330.8828,3262,3262,139554086656.0,50,0.250034599481085,25.003459948108496
2018-01-09,482153812933.97656,3264,3264,115567674240.0,50,0.23969047042634337,23.969047042634337
2018-01-10,516007403079.46875,3265,3265,124960380288.0,50,0.24216780523351372,24.21678052335137
2018-01-11,476971916720.0625,3268,3268,112948606720.0,50,0.2368034736650757,23.68034736650757
2018-01-12,460955143465.0,3268,3268,107088848768.0,50,0.23231945729689246,23.231945729689247
2018-01-15,585316385179.8125,3273,3273,152021611776.0,50,0.2597255358387039,25.97255358387039
2018-01-16,534944224253.09375,3276,3276,147903396352.0,50,0.27648377091744,27.648377091744
2018-01-17,609619214387.6875,3272,3272,180919250304.0,50,0.29677419286352147,29.677419286352148
2018-01-18,484508765935.25,3271,3271,146167951104.0,50,0.3016827793029734,30.16827793029734
2018-01-19,541076523058.40625,3277,3277,160623424256.0,50,0.2968589791109114,29.685897911091143
2018-01-22,516853982284.25,3270,3270,143211699968.0,50,0.27708347981585063,27.708347981585064
2018-01-23,521088214108.9297,3272,3272,165358738048.0,50,0.31733348321985455,31.733348321985456
2018-01-24,600432580065.5,3279,3279,174838550400.0,50,0.29118764738070546,29.118764738070546
2018-01-25,580986814321.25,3273,3273,144089973760.0,50,0.2480090256924955,24.80090256924955
2018-01-26,501603856056.40625,3270,3270,141033370752.0,50,0.28116484562299804,28.116484562299803
2018-01-29,554851506090.125,3266,3266,154439347328.0,50,0.2783435669415202,27.834356694152017
2018-01-30,437387956945.0,3266,3266,114610159104.0,50,0.26203318423422395,26.203318423422395
2018-01-31,493663502674.5,3262,3262,118471671680.0,50,0.23998466777098368,23.99846677709837
2018-02-01,566575450106.8438,3258,3258,140758656640.0,50,0.24843762046777,24.843762046776998
2018-02-02,462399636390.65625,3214,3214,115594556800.0,50,0.2499884249526971,24.99884249526971
2018-02-05,447107421865.4375,3166,3166,138821308288.0,50,0.310487595372058,31.0487595372058
2018-02-06,559038138746.625,3160,3160,173016088192.0,50,0.3094888813487853,30.948888134878533
2018-02-07,526129145274.0,3148,3148,168360812416.0,50,0.319999022917311,31.999902291731104
2018-02-08,411613923285.0625,3143,3143,134059580928.0,50,0.32569253211378196,32.5692532113782
2018-02-09,493633637920.0,3149,3149,156623270528.0,50,0.31728646205707506,31.728646205707506
2018-02-12,349437439983.375,3165,3165,95893707136.0,50,0.2744231045779247,27.44231045779247
2018-02-13,346900726644.25,3172,3172,97787858880.0,50,0.2818900376080284,28.189003760802837
2018-02-14,236703704149.5,3186,3186,65288058880.0,50,0.2758218723893084,27.58218723893084
2018-02-22,325000060690.125,3197,3197,88376059776.0,50,0.2719262869931066,27.19262869931066
2018-02-23,332395180557.5625,3206,3206,85866936896.0,50,0.25832786369515365,25.832786369515365
2018-02-26,466948550788.71875,3222,3222,112955375616.0,50,0.2419011161405428,24.19011161405428
2018-02-27,460857539412.25,3231,3231,107221689856.0,50,0.23265690736608996,23.265690736608995
2018-02-28,424636518765.6875,3226,3226,95316509952.0,50,0.224466115700697,22.4466115700697
2018-03-01,432256872410.625,3223,3223,96188382208.0,50,0.2225259755190781,22.25259755190781
2018-03-02,416624597892.0,3234,3234,88879804416.0,50,0.2133330697844201,21.33330697844201
2018-03-05,386158111310.0,3228,3228,85808576640.0,50,0.2222109911116553,22.22109911116553
2018-03-06,498101766035.25,3229,3229,111579524096.0,50,0.2240094930482613,22.400949304826128
2018-03-07,428284305012.75,3233,3233,95201679360.0,50,0.22228617356679894,22.228617356679894
2018-03-08,402817734486.0,3230,3230,84887574080.0,50,0.21073445087594644,21.073445087594646
2018-03-09,511819409774.875,3232,3232,96863515264.0,50,0.18925330578339272,18.92533057833927
2018-03-12,606738783818.5,3235,3235,119831820544.0,50,0.19750150104109138,19.75015010410914
2018-03-13,502149193302.5,3231,3231,93837371776.0,50,0.18687149760981767,18.687149760981768
2018-03-14,445584364454.0,3230,3230,90306786624.0,50,0.20267045665899447,20.267045665899445
2018-03-15,435073742042.0,3237,3237,87920506688.0,50,0.2020818500223637,20.20818500223637
2018-03-16,395862205563.5,3240,3240,82369570176.0,50,0.20807636854028277,20.807636854028278
2018-03-19,396705596180.75,3243,3243,82302435712.0,50,0.20746477111580938,20.746477111580937
2018-03-20,402005875832.25,3239,3239,73661278208.0,50,0.18323433222338661,18.32343322233866
2018-03-21,481363414347.0,3243,3243,93353016704.0,50,0.19393459062658364,19.393459062658362
2018-03-22,423627121149.0,3245,3245,86454116672.0,50,0.20408069350590982,20.40806935059098
2018-03-23,634808286250.0469,3250,3250,125442491008.0,50,0.19760688970998877,19.760688970998878
2018-03-26,470768786315.14844,3251,3251,101049008128.0,50,0.2146467885412318,21.46467885412318
2018-03-27,540327188526.5469,3245,3245,107446515968.0,50,0.1988545426725663,19.88545426725663
2018-03-28,499820812316.21875,3242,3242,108121687168.0,50,0.2163208984174818,21.632089841748183
2018-03-29,478819522568.7969,3242,3242,105336002048.0,50,0.21999103437321796,21.999103437321796
2018-03-30,496685570118.6406,3248,3248,87896226176.0,50,0.17696553204677296,17.696553204677297
2018-04-02,574417843519.9062,3252,3252,101625775104.0,50,0.1769195999923324,17.69195999923324
2018-04-03,482843336511.4375,3253,3253,85817646656.0,50,0.17773393597193646,17.773393597193646
2018-04-04,471841938102.7422,3256,3256,83716890240.0,50,0.17742570865282198,17.742570865282197
2018-04-09,436648213465.21875,3251,3251,75535637248.0,50,0.1729896857897411,17.29896857897411
2018-04-10,485112148126.5625,3256,3256,85832981632.0,50,0.17693430676489008,17.693430676489008
2018-04-11,481472096295.25,3256,3256,85185972736.0,50,0.1769281613440833,17.69281613440833
2018-04-12,428561997822.5,3264,3264,69967934848.0,50,0.1632621072412002,16.32621072412002
2018-04-13,396195453015.75,3265,3265,67348391616.0,50,0.16998779542611936,16.998779542611935
2018-04-16,450502917157.0,3262,3262,88818539584.0,50,0.19715419412710883,19.715419412710883
2018-04-17,466226127968.5,3260,3260,94850894848.0,50,0.203443970978839,20.344397097883903
2018-04-18,494276432996.5,3255,3255,105225177728.0,50,0.2128873049643156,21.28873049643156
2018-04-19,483031372506.25,3256,3256,98902595200.0,50,0.2047539783737759,20.47539783737759
2018-04-20,447190547104.5,3254,3254,90443376768.0,50,0.20224796197864417,20.224796197864418
2018-04-23,393680882828.0,3259,3259,84942856192.0,50,0.21576576333047828,21.57657633304783
2018-04-24,452211655150.5,3260,3260,101645454976.0,50,0.22477407165052282,22.47740716505228
2018-04-25,419371226465.0,3265,3265,78767216640.0,50,0.18782217679536908,18.78221767953691
2018-04-26,424874941846.75,3265,3265,94021547392.0,50,0.22129228658044287,22.129228658044287
2018-04-27,411905363477.6719,3271,3271,103802779008.0,50,0.25200637867787035,25.200637867787034
2018-05-02,385019118296.89844,3267,3267,78661285312.0,50,0.20430488143017927,20.43048814301793
2018-05-03,407277166994.25,3278,3278,79915632640.0,50,0.1962192804221904,19.62192804221904
2018-05-04,360310070272.0,3277,3277,67540811776.0,50,0.18745191252915325,18.745191252915326
2018-05-07,421742522150.5,3282,3282,80719578624.0,50,0.19139539976287948,19.13953997628795
2018-05-08,443556494139.5,3280,3280,89317507712.0,50,0.20136670050401595,20.136670050401595
2018-05-09,382422296904.0,3280,3280,64823484032.0,50,0.16950759554763287,16.950759554763287
2018-05-10,412518334840.0,3285,3285,70708414464.0,50,0.17140671939206065,17.140671939206065
2018-05-11,413973131728.5,3290,3290,74913543488.0,50,0.18096233244705184,18.096233244705186
2018-05-14,406922033853.0,3295,3295,85755513792.0,50,0.21074187843801806,21.074187843801806
2018-05-15,377945911294.0,3295,3295,71056879808.0,50,0.18800806592858105,18.800806592858105
2018-05-16,401682851610.75,3304,3304,69220335232.0,50,0.17232584103211315,17.232584103211316
2018-05-17,356938966970.78125,3308,3308,63372267072.0,50,0.17754370616864482,17.75437061686448
2018-05-18,376012521844.3125,3308,3308,65557094208.0,50,0.17434816767922381,17.43481676792238
2018-05-21,460989204889.5,3304,3304,78200662720.0,50,0.16963664634781384,16.963664634781384
2018-05-22,438083821708.25,3304,3304,74298625088.0,50,0.16959910730846514,16.959910730846513
2018-05-23,460562553205.7344,3306,3306,78741311168.0,50,0.17096767989477873,17.096767989477872
2018-05-24,382079770637.75,3302,3302,66324307840.0,50,0.17358759331669016,17.358759331669017
2018-05-25,398347707335.7656,3305,3305,64876617792.0,50,0.1628642931721853,16.286429317218527
2018-05-28,397840434146.3281,3312,3312,68604667520.0,50,0.17244267206577296,17.244267206577295
2018-05-29,407460299126.16406,3308,3308,75075963136.0,50,0.1842534433342519,18.42534433342519
2018-05-30,437796628323.4375,3304,3304,81339479616.0,50,0.1857928415928951,18.57928415928951
2018-05-31,407015674971.8125,3301,3301,93308039616.0,50,0.22924925341625224,22.924925341625226
2018-06-01,375251013183.5,3302,3302,73059952896.0,50,0.19469621754298433,19.469621754298434
2018-06-04,345489703852.125,3308,3308,83427280832.0,50,0.24147544746429891,24.14754474642989
2018-06-05,370557984272.125,3311,3311,86403397760.0,50,0.23317105939498076,23.317105939498077
2018-06-06,359777600069.75,3308,3308,75977660992.0,50,0.21117952028494888,21.117952028494887
2018-06-07,359935727069.25,3302,3302,76484288512.0,50,0.21249429484193652,21.24942948419365
2018-06-08,353909449756.0,3300,3300,70155145472.0,50,0.1982290823835529,19.822908238355293
2018-06-11,320723238660.25,3306,3306,70925015424.0,50,0.221140868121292,22.114086812129198
2018-06-12,350856802021.0,3306,3306,79904308992.0,50,0.22774051559421513,22.774051559421512
2018-06-13,342707839984.375,3308,3308,82135368000.0,50,0.23966585650256725,23.966585650256725
2018-06-14,317171378621.25,3305,3305,75316169856.0,50,0.23746206288663504,23.746206288663505
2018-06-15,355776619002.0,3300,3300,70419625536.0,50,0.19793213430814052,19.793213430814053
2018-06-19,473141542225.25,3284,3284,116765862400.0,50,0.24678843851003662,24.678843851003663
2018-06-20,347979811099.75,3288,3288,74269725248.0,50,0.21343113272370345,21.343113272370346
2018-06-21,356121044578.5,3287,3287,75238733056.0,50,0.21127292026521918,21.127292026521918
2018-06-22,299139724896.5,3291,3291,67186723392.0,50,0.22459980337030155,22.459980337030157
2018-06-25,307733017996.625,3298,3298,78406010240.0,50,0.25478582295273855,25.478582295273856
2018-06-26,325655925282.75,3302,3302,76178505344.0,50,0.23392328967408835,23.392328967408833
2018-06-27,326045339154.375,3312,3312,78039492736.0,50,0.2393516586938545,23.93516586938545
2018-06-28,305953332082.25,3317,3317,69153568064.0,50,0.22602652369678825,22.602652369678825
2018-06-29,342929194346.25,3324,3324,67467972608.0,50,0.196740241776787,19.6740241776787
2018-07-02,357453598836.5,3335,3335,75476172416.0,50,0.21114956643791674,21.114956643791675
2018-07-03,393730234572.75,3345,3345,90937991808.0,50,0.23096522396020688,23.09652239602069
2018-07-04,329550983057.75,3345,3345,68377907840.0,50,0.2074881015542823,20.74881015542823
2018-07-05,315334461915.25,3349,3349,66678775232.0,50,0.21145413294510365,21.145413294510366
2018-07-06,356238365320.0,3349,3349,79846108992.0,50,0.22413674877571438,22.413674877571438
2018-07-09,325806560107.25,3358,3358,71098285888.0,50,0.21822238896784538,21.822238896784537
2018-07-10,325863144859.25,3361,3361,63455539328.0,50,0.19473064177112862,19.47306417711286
2018-07-11,340945570037.0,3359,3359,65014164736.0,50,0.19068781192535966,19.068781192535965
2018-07-12,415566702464.25,3357,3357,85658102912.0,50,0.2061235955721667,20.61235955721667
2018-07-13,365889577966.0625,3364,3364,79130450176.0,50,0.2162686639392052,21.626866393920523
2018-07-16,325245239345.3125,3373,3373,67581761088.0,50,0.20778708774964888,20.778708774964887
2018-07-17,308539322798.0,3375,3375,67215333376.0,50,0.21785013581560794,21.785013581560793
2018-07-18,337273359683.25,3378,3378,71056419328.0,50,0.2106790153682241,21.067901536822408
2018-07-19,310808380022.75,3380,3380,62246864512.0,50,0.2002740869066779,20.027408690667787
2018-07-20,348211264602.0,3384,3384,86004102400.0,50,0.24698828309963303,24.698828309963304
2018-07-23,410880197260.5,3385,3385,87980734848.0,50,0.2141274644886811,21.412746448868113
2018-07-24,492590067507.0,3384,3384,107440007040.0,50,0.21811241055621408,21.81124105562141
2018-07-25,397130050012.0,3387,3387,78936264512.0,50,0.19876678813304308,19.87667881330431
2018-07-26,380096384580.75,3388,3388,69980427520.0,50,0.18411232087142604,18.411232087142604
2018-07-27,310536058132.25,3388,3388,52888871104.0,50,0.17031474999104895,17.031474999104894
2018-07-30,326514896344.125,3390,3390,58383894016.0,50,0.1788092815050841,17.88092815050841
2018-07-31,272961932375.5,3394,3394,54593687168.0,50,0.20000476510731252,20.000476510731254
2018-08-01,328317212757.75,3398,3398,67549738176.0,50,0.20574534490167534,20.574534490167533
2018-08-02,378974380544.0,3400,3400,74988729024.0,50,0.19787281904480505,19.787281904480505
2018-08-03,284578050972.5,3404,3404,60759507072.0,50,0.2135073554139685,21.35073554139685
2018-08-06,290735966728.625,3407,3407,60527084288.0,50,0.20818574656948588,20.818574656948588
2018-08-07,316458539255.75,3412,3412,67059182464.0,50,0.21190511282049895,21.190511282049897
2018-08-08,305076964106.0,3410,3410,57136113152.0,50,0.18728425897193557,18.728425897193556
2018-08-09,346858960930.125,3412,3412,69586957056.0,50,0.20062032380365213,20.062032380365213
2018-08-10,288030317094.25,3412,3412,57923402880.0,50,0.20110175714956477,20.110175714956476
2018-08-13,300366344254.875,3412,3412,61663257984.0,50,0.20529349963282112,20.52934996328211
2018-08-14,268259682251.5,3414,3414,53428274880.0,50,0.19916624977550554,19.916624977550555
2018-08-15,277749052128.125,3416,3416,56145522560.0,50,0.2021447854810327,20.21447854810327
2018-08-16,270466117396.375,3416,3416,59856411840.0,50,0.22130835616750805,22.130835616750804
2018-08-17,265309183173.0,3420,3420,55281777408.0,50,0.2083673725381471,20.83673725381471
2018-08-20,264528140197.25,3423,3423,55869597248.0,50,0.21120474066139,21.120474066139
2018-08-21,280660670084.5,3425,3425,65718897856.0,50,0.23415784561553873,23.415784561553874
2018-08-22,229145420562.0,3425,3425,45887700160.0,50,0.20025580283235092,20.025580283235094
2018-08-23,252048027396.875,3423,3423,57670261504.0,50,0.22880663697158146,22.880663697158145
2018-08-24,239035328449.5,3427,3427,52846734592.0,50,0.22108336426581693,22.108336426581694
2018-08-27,323064065728.5,3430,3430,71815793280.0,50,0.22229582580797866,22.229582580797867
2018-08-28,291262205951.75,3434,3434,62880476992.0,50,0.2158895857652629,21.58895857652629
2018-08-29,246180920795.15625,3434,3434,52962719360.0,50,0.2151373842819832,21.51373842819832
2018-08-30,253306808054.9375,3436,3436,53965708736.0,50,0.21304484135418836,21.304484135418836
2018-08-31,248368130641.5,3438,3438,62451706368.0,50,0.2514481475811571,25.144814758115707
2018-09-03,242894465739.75,3440,3440,52085906304.0,50,0.21443842347485842,21.44384234748584
2018-09-04,267784887465.20312,3441,3441,56410262784.0,50,0.2106551393469885,21.065513934698853
2018-09-05,258606247198.9375,3442,3442,54643367616.0,50,0.21129948795848155,21.129948795848154
2018-09-06,249456717500.8125,3441,3441,58194962240.0,50,0.23328681152797762,23.328681152797763
2018-09-07,271950165765.5,3438,3438,60753032000.0,50,0.22339766489565868,22.339766489565868
2018-09-10,247694449857.875,3437,3437,52310224512.0,50,0.21118852094592822,21.11885209459282
2018-09-11,220988609758.75,3440,3440,45082517120.0,50,0.20400380440066987,20.400380440066986
2018-09-12,217722073547.25,3441,3441,48064990656.0,50,0.22076305756645728,22.076305756645727
2018-09-13,260780285124.375,3448,3448,59156560064.0,50,0.2268444489037437,22.68444489037437
2018-09-14,250691714257.5,3449,3449,54136317696.0,50,0.21594777416693337,21.594777416693336
2018-09-17,206715972041.5,3448,3448,40551341696.0,50,0.19616936850849132,19.616936850849132
2018-09-18,253553286861.75,3452,3452,53475183936.0,50,0.21090313834171417,21.09031383417142
2018-09-19,319717281335.0,3451,3451,68891572864.0,50,0.21547653782222476,21.547653782222476
2018-09-20,250319992266.5,3453,3453,48832335744.0,50,0.19507964706235398,19.5079647062354
2018-09-21,321289604431.25,3458,3458,75408072576.0,50,0.23470436495910943,23.470436495910942
2018-09-25,242302168064.67188,3464,3464,54930423296.0,50,0.2267021534918282,22.670215349182822
2018-09-26,310225193435.21875,3467,3467,74852616576.0,50,0.24128477686526362,24.128477686526363
2018-09-27,285909913337.21875,3468,3468,59705161664.0,50,0.20882508398224117,20.882508398224118
2018-09-28,263019299416.625,3469,3469,60433429376.0,50,0.2297680417750368,22.97680417750368
2018-10-08,288653257924.75,3465,3465,71738466432.0,50,0.24852817164704147,24.852817164704145
2018-10-09,231715696448.5,3475,3475,50296470016.0,50,0.217061126142478,21.7061126142478
2018-10-10,235828018580.375,3479,3479,52301672896.0,50,0.22177887602517646,22.177887602517647
2018-10-11,358156305975.5,3477,3477,72407661568.0,50,0.20216776965795796,20.216776965795795
2018-10-12,308646908477.75,3481,3481,61518273856.0,50,0.1993160215322059,19.93160215322059
2018-10-15,238590225652.0,3479,3479,48823456576.0,50,0.20463309610684688,20.46330961068469
2018-10-16,235840548014.25,3484,3484,46211315072.0,50,0.19594304482877903,19.594304482877902
2018-10-17,258363856031.625,3486,3486,55290478848.0,50,0.21400237516671905,21.400237516671904
2018-10-18,239508932895.75,3482,3482,53289013248.0,50,0.22249280059710705,22.249280059710706
2018-10-19,286773185571.75,3479,3479,71867954432.0,50,0.2506090459214807,25.06090459214807
2018-10-22,421635226138.25,3474,3474,108039795072.0,50,0.2562399637751681,25.62399637751681
2018-10-23,357344028133.25,3475,3475,93052123200.0,50,0.2603992675800414,26.03992675800414
2018-10-24,296958065790.4375,3475,3475,77306038656.0,50,0.2603264486190271,26.03264486190271
2018-10-25,292376663547.375,3471,3471,70284537024.0,50,0.24039037921578685,24.039037921578686
2018-10-26,282464396643.75,3473,3473,64049396928.0,50,0.2267521064213287,22.67521064213287
2018-10-29,255256755251.25,3480,3480,67676820352.0,50,0.2651323381643142,26.51323381643142
2018-10-30,310745628159.25,3484,3484,82622327424.0,50,0.2658841185101338,26.588411851013383
2018-10-31,314673254121.75,3479,3479,68532625472.0,50,0.21778980124406788,21.77898012440679
2018-11-01,383115559799.75,3481,3481,84746837568.0,50,0.2212043739813026,22.12043739813026
2018-11-02,450992356654.25,3482,3482,106781965184.0,50,0.23677111952889174,23.677111952889174
2018-11-05,393365420485.75,3492,3492,73605668032.0,50,0.18711778971600385,18.711778971600385
2018-11-06,313730400672.5,3491,3491,57972306560.0,50,0.18478383489688238,18.478383489688238
2018-11-07,338761014721.0,3495,3495,65125674048.0,50,0.1922466612683777,19.224666126837768
2018-11-08,296429066654.09375,3498,3498,54938055040.0,50,0.18533288810070642,18.53328881007064
2018-11-09,274129038540.625,3502,3502,58079583040.0,50,0.21186950258607062,21.186950258607062
2018-11-12,339046862381.03125,3506,3506,59399150016.0,50,0.17519451322704002,17.519451322704
2018-11-13,455302632766.0,3508,3508,72677465024.0,50,0.15962452178780204,15.962452178780204
2018-11-14,410706628277.75,3509,3509,63147688128.0,50,0.15375375944820371,15.375375944820371
2018-11-15,403665784298.875,3514,3514,57273106880.0,50,0.14188249068341863,14.188249068341863
2018-11-16,475372486248.25,3520,3520,78520812032.0,50,0.1651774435910342,16.51774435910342
2018-11-19,439814906122.875,3520,3520,72541470272.0,50,0.16493636132408265,16.493636132408266
2018-11-20,421659774729.5,3520,3520,71123785728.0,50,0.16867576655522049,16.867576655522047
2018-11-21,346997354134.375,3519,3519,58275160896.0,50,0.16794122549255203,16.794122549255203
2018-11-22,305169756477.25,3524,3524,48446967680.0,50,0.15875415781449384,15.875415781449384
2018-11-23,358237405959.5,3526,3526,54946844480.0,50,0.15338109188467028,15.338109188467028
2018-11-26,254791537794.75,3525,3525,40588133856.0,50,0.1592993794350274,15.92993794350274
2018-11-27,250881917633.25,3526,3526,42918695264.0,50,0.17107129787942868,17.107129787942867
2018-11-28,292140087901.8125,3533,3533,49532912192.0,50,0.16955191787526222,16.95519178752622
2018-11-29,310424860812.5625,3533,3533,53701744128.0,50,0.1729943406833824,17.29943406833824
2018-11-30,266937366344.53125,3536,3536,47164079616.0,50,0.17668594045813044,17.668594045813045
2018-12-03,424717486112.75,3538,3538,84654785152.0,50,0.1993202256088101,19.93202256088101
2018-12-04,330107407569.4531,3540,3540,55656114304.0,50,0.16860001632132476,16.860001632132477
2018-12-05,322066905199.375,3540,3540,55414678080.0,50,0.1720595229916456,17.205952299164558
2018-12-06,310758979309.6875,3541,3541,60931421888.0,50,0.1960729245003687,19.60729245003687
2018-12-07,240815644295.75,3544,3544,40674298432.0,50,0.16890222622765805,16.890222622765805
2018-12-10,240582819188.25,3548,3548,42246398176.0,50,0.1756002291374899,17.56002291374899
2018-12-11,218377656256.5,3544,3544,35867005728.0,50,0.16424301983473832,16.424301983473832
2018-12-12,222582543060.5,3547,3547,36604585440.0,50,0.16445398159571992,16.44539815957199
2018-12-13,304691981034.5,3548,3548,59690095616.0,50,0.19590307369868504,19.590307369868505
2018-12-14,291861264030.46875,3548,3548,50050574336.0,50,0.17148755420580578,17.148755420580578
2018-12-17,238184165048.21875,3547,3547,42099372608.0,50,0.176751349526016,17.675134952601603
2018-12-18,229884043741.1875,3545,3545,40380658688.0,50,0.1756566398904229,17.565663989042292
2018-12-19,217131557816.5,3544,3544,40348658880.0,50,0.18582586191408917,18.582586191408918
2018-12-20,231079127634.0,3549,3549,48376542176.0,50,0.20935054875498016,20.935054875498015
2018-12-21,236140970125.25,3549,3549,51949901536.0,50,0.21999529140769428,21.99952914076943
2018-12-24,213234132517.875,3549,3549,37832061760.0,50,0.17742029061331732,17.74202906133173
2018-12-25,275800284083.25,3544,3544,46278428608.0,50,0.16779688520563998,16.779688520563997
2018-12-26,231267635205.875,3543,3543,40813002816.0,50,0.17647520276526443,17.647520276526443
2018-12-27,263846815473.25,3543,3543,49746499840.0,50,0.1885431126040766,18.85431126040766
2018-12-28,239719034427.75,3550,3550,48295568704.0,50,0.20146739210463496,20.146739210463497
2019-01-02,226168805959.75,3554,3554,48043436800.0,50,0.2124229139209853,21.24229139209853
2019-01-03,251979624189.25,3555,3555,48548587008.0,50,0.1926687015436512,19.26687015436512
2019-01-04,322112987560.0,3555,3555,64542840960.0,50,0.20037329587021885,20.037329587021883
2019-01-07,347172613698.0,3554,3554,63257761024.0,50,0.18220838432557623,18.220838432557624
2019-01-08,299625163730.0,3557,3557,54010293248.0,50,0.18025953686810522,18.02595368681052
2019-01-09,379043769953.25,3557,3557,73796184384.0,50,0.19469040315080705,19.469040315080704
2019-01-10,313255879473.75,3559,3559,63517844544.0,50,0.202766647670607,20.2766647670607
2019-01-11,296001126613.0,3560,3560,53556959360.0,50,0.1809349848523443,18.09349848523443
2019-01-14,283070901270.75,3557,3557,49922004288.0,50,0.1763586580743278,17.63586580743278
2019-01-15,319427561350.25,3557,3557,65867508288.0,50,0.20620483720807284,20.620483720807282
2019-01-16,304483860350.125,3559,3559,56563095616.0,50,0.18576713902325817,18.576713902325817
2019-01-17,294011337504.5,3562,3562,54261806976.0,50,0.18455685225121463,18.455685225121464
2019-01-18,326465289212.25,3560,3560,67024143808.0,50,0.20530251154640988,20.53025115464099
2019-01-21,313004427736.5,3560,3560,62459142208.0,50,0.19954715228687012,19.95471522868701
2019-01-22,278541393949.25,3561,3561,50869250368.0,50,0.1826272556719822,18.26272556719822
2019-01-23,243874635788.0,3560,3560,42767970368.0,50,0.17536866935673523,17.536866935673523
2019-01-24,300410525275.625,3563,3563,57067242304.0,50,0.1899641906742153,18.99641906742153
2019-01-25,312741779411.1875,3563,3563,58886984000.0,50,0.18829266787082005,18.829266787082005
2019-01-28,299673142714.15625,3565,3565,59693261568.0,50,0.19919456587719148,19.919456587719147
2019-01-29,293638311826.96875,3565,3565,50398863552.0,50,0.17163585786346017,17.163585786346015
2019-01-30,237137136325.5625,3569,3569,44157470144.0,50,0.18621069153579042,18.621069153579043
2019-01-31,285629054038.0,3568,3568,56814391104.0,50,0.19890970579078918,19.890970579078918
2019-02-01,261591074256.125,3569,3569,53902553728.0,50,0.20605654792037653,20.605654792037654
2019-02-11,319650597222.125,3571,3571,63917103616.0,50,0.1999592810758431,19.99592810758431
2019-02-12,364944545234.8125,3571,3571,68435434816.0,50,0.18752283246751172,18.752283246751173
2019-02-13,473831602521.0,3572,3572,90206555776.0,50,0.19037682437401818,19.037682437401816
2019-02-14,417155121356.75,3573,3573,83358535616.0,50,0.19982623093511537,19.98262309351154
2019-02-15,418089759001.875,3573,3573,87127246016.0,50,0.2083936383038965,20.83936383038965
2019-02-18,547369971753.125,3572,3572,99396110720.0,50,0.18158853398854272,18.158853398854273
2019-02-19,605494038465.25,3572,3572,103499750784.0,50,0.17093438450086404,17.093438450086403
2019-02-20,499076173258.75,3567,3567,88741398528.0,50,0.17781133078054465,17.781133078054463
2019-02-21,618288610047.5,3572,3572,107134696960.0,50,0.17327619370469946,17.327619370469947
2019-02-22,621867935149.125,3574,3574,115207653376.0,50,0.18526064275749,18.526064275749
2019-02-25,1039699433132.4062,3570,3570,193488729344.0,50,0.1861006394521705,18.61006394521705
2019-02-26,1096966324608.6875,3570,3570,212008323072.0,50,0.1932678499931419,19.32678499931419
2019-02-27,890712631109.9531,3569,3569,174570861824.0,50,0.19599010469455247,19.599010469455248
2019-02-28,661949653016.75,3570,3570,125035451136.0,50,0.18888966942752683,18.88896694275268
2019-03-01,664099910100.0,3574,3574,144436883968.0,50,0.21749270218430045,21.749270218430045
2019-03-04,1045866975634.75,3574,3574,198893361152.0,50,0.1901708016273189,19.01708016273189
2019-03-05,896024195392.75,3572,3572,147084147072.0,50,0.16415198141778894,16.415198141778895
2019-03-06,1105722927285.5,3568,3568,183892433408.0,50,0.1663096865138246,16.63096865138246
2019-03-07,1166010535394.5,3572,3572,197148796928.0,50,0.16907977324690127,16.907977324690126
2019-03-08,1183511315937.75,3575,3575,207387621120.0,50,0.17523078852497267,17.523078852497267
2019-03-11,944064421384.8438,3576,3576,165669190400.0,50,0.1754850481040061,17.548504810400612
2019-03-12,1136679964435.0312,3573,3573,182483357952.0,50,0.16054066550095344,16.054066550095346
2019-03-13,1050764395583.7031,3571,3571,175691730816.0,50,0.1672037343046846,16.72037343046846
2019-03-14,812130286874.25,3573,3573,134758104960.0,50,0.16593163330807523,16.593163330807524
2019-03-15,750142771410.5156,3575,3575,131150486016.0,50,0.17483403295267894,17.483403295267895
2019-03-18,832224268769.8906,3571,3571,148328727936.0,50,0.17823167804904855,17.823167804904855
2019-03-19,775382193419.25,3572,3572,122954048768.0,50,0.15857218519012162,15.85721851901216
2019-03-20,779674551598.0,3574,3574,122302083328.0,50,0.15686299248491942,15.686299248491942
2019-03-21,885576967002.4531,3573,3573,145842840960.0,50,0.16468680464178784,16.468680464178785
2019-03-22,801556107004.25,3571,3571,123453192192.0,50,0.1540169067557805,15.40169067557805
2019-03-25,819170271792.875,3565,3565,127959067136.0,50,0.15620570172296744,15.620570172296745
2019-03-26,768124628489.0938,3566,3566,120529217408.0,50,0.15691362174531726,15.691362174531726
2019-03-27,664593409944.2969,3561,3561,109730624000.0,50,0.16510940728286352,16.510940728286354
2019-03-28,663517708626.8438,3563,3563,122556152832.0,50,0.18470667962371515,18.470667962371515
2019-03-29,835952214751.4062,3566,3566,162120033664.0,50,0.19393457042542908,19.39345704254291
2019-04-01,1043306656502.1094,3570,3570,179860555520.0,50,0.17239471673938883,17.239471673938883
2019-04-02,1038080901629.5,3575,3575,168292252416.0,50,0.16211862885814363,16.211862885814362
2019-04-03,933011440424.375,3567,3567,160640368896.0,50,0.17217406125581228,17.217406125581228
2019-04-04,1004340566014.25,3569,3569,160652925056.0,50,0.15995861413181292,15.995861413181292
2019-04-08,1066516445947.5,3576,3576,163481570176.0,50,0.153285559540305,15.3285559540305
2019-04-09,839870982751.0,3576,3576,138830288384.0,50,0.16529954151917592,16.529954151917593
2019-04-10,898527167947.75,3579,3579,171224974720.0,50,0.19056182253351392,19.05618225335139
2019-04-11,817014890431.25,3575,3575,137044495616.0,50,0.16773806355434104,16.773806355434104
2019-04-12,656930679848.1875,3580,3580,107591821568.0,50,0.16377956589402065,16.377956589402064
2019-04-15,775387311452.5625,3581,3581,137069387520.0,50,0.17677538114883865,17.677538114883866
2019-04-16,790758969057.7656,3580,3580,147114837504.0,50,0.18604257840956986,18.604257840956986
2019-04-17,829894031675.5,3586,3586,141191622912.0,50,0.17013211027309552,17.013211027309552
2019-04-18,753174664175.375,3590,3590,131083200384.0,50,0.17404090527596078,17.40409052759608
2019-04-19,720191394583.0,3588,3588,135017963520.0,50,0.18747511360945535,18.747511360945534
2019-04-22,803936166272.0,3587,3587,151110822016.0,50,0.1879637070151088,18.79637070151088
2019-04-23,732760938973.2188,3586,3586,129210691072.0,50,0.17633403228760594,17.633403228760596
2019-04-24,652055238658.375,3588,3588,125050637824.0,50,0.19177920889232603,19.177920889232603
2019-04-25,733095766649.375,3580,3580,126701268352.0,50,0.17283044605630452,17.28304460563045
2019-04-26,623761879436.0938,3578,3578,112407201536.0,50,0.18020851424524484,18.020851424524484
2019-04-29,645483899087.25,3569,3569,121010541056.0,50,0.18747259416867812,18.747259416867813
2019-04-30,496337056917.8125,3553,3553,97753797376.0,50,0.1969504311909293,19.69504311909293
2019-05-06,657347727704.0,3576,3576,143413613568.0,50,0.2181700909941813,21.81700909941813
2019-05-07,537792165563.25,3578,3578,114027014144.0,50,0.2120280313577555,21.20280313577555
2019-05-08,488616600951.5,3578,3578,95665392192.0,50,0.19578825607993564,19.578825607993565
2019-05-09,433866425998.375,3584,3584,92808150656.0,50,0.21390950093093306,21.390950093093306
2019-05-10,609974692323.5,3585,3585,125855126656.0,50,0.20632843991706584,20.632843991706583
2019-05-13,466096715907.78125,3582,3582,95646823488.0,50,0.20520810429165098,20.5208104291651
2019-05-14,455465141399.3125,3583,3583,96340174528.0,50,0.21152041236792973,21.152041236792975
2019-05-15,512665326433.75,3584,3584,108247922560.0,50,0.21114734501941884,21.114734501941886
2019-05-16,522084879276.9531,3587,3587,100147502208.0,50,0.19182226144280692,19.182226144280694
2019-05-17,573528798750.9531,3590,3590,108369529984.0,50,0.18895220295826498,18.895220295826498
2019-05-20,462555264189.7969,3587,3587,94001197120.0,50,0.20322154863949227,20.322154863949226
2019-05-21,479364148888.15625,3591,3591,98493613440.0,50,0.2054672083184515,20.54672083184515
2019-05-22,469202599957.66406,3593,3593,105353762304.0,50,0.2245378911231652,22.453789112316517
2019-05-23,464500599530.09375,3594,3594,99952101760.0,50,0.2151818573778275,21.51818573778275
2019-05-24,380792440587.5,3596,3596,79103779520.0,50,0.2077346372684182,20.773463726841822
2019-05-27,452544185307.4375,3599,3599,89894213248.0,50,0.1986418479489026,19.86418479489026
2019-05-28,499265499730.375,3598,3598,104162018688.0,50,0.20863051571609095,20.863051571609095
2019-05-29,445837208190.625,3601,3601,98293944832.0,50,0.2204704834549673,22.04704834549673
2019-05-30,453447378727.75,3599,3599,86807240320.0,50,0.191438399232911,19.1438399232911
2019-05-31,437371430360.5,3600,3600,82222855488.0,50,0.18799320161407995,18.799320161407994
2019-06-03,479067231297.0,3596,3596,90105242880.0,50,0.18808475511058034,18.808475511058035
2019-06-04,422335439397.84375,3597,3597,85660786112.0,50,0.20282642213055385,20.282642213055386
2019-06-05,407678125375.75,3597,3597,79971245376.0,50,0.19616270876023054,19.616270876023055
2019-06-06,386571545220.375,3600,3600,72110205312.0,50,0.18653779928600728,18.653779928600727
2019-06-10,366619544217.0,3596,3596,77577083648.0,50,0.21160105856790484,21.160105856790484
2019-06-11,565200416208.6875,3597,3597,115865571200.0,50,0.20499909037083805,20.499909037083803
2019-06-12,513281122977.375,3596,3596,108017540992.0,50,0.2104451852143437,21.04451852143437
2019-06-13,449681059420.375,3596,3596,83654511168.0,50,0.18603076428397514,18.603076428397515
2019-06-14,448778759693.5,3598,3598,78075033280.0,50,0.1739722114596566,17.39722114596566
2019-06-17,335609734667.75,3597,3597,64903274560.0,50,0.19338912986017387,19.338912986017387
2019-06-18,321688935946.0,3599,3599,62463469632.0,50,0.19417350941309766,19.417350941309767
2019-06-19,503865044302.0625,3600,3600,107639230848.0,50,0.21362710524421943,21.362710524421942
2019-06-20,602783704534.125,3602,3602,138238800896.0,50,0.22933400464573106,22.933400464573104
2019-06-21,621522216544.8438,3603,3603,120296280576.0,50,0.1935510547712182,19.35510547712182
2019-06-24,494919950405.65625,3606,3606,98538237440.0,50,0.1990993439630674,19.90993439630674
2019-06-25,513177854749.90625,3606,3606,115191389056.0,50,0.22446679643286194,22.446679643286195
2019-06-26,391604992903.25,3606,3606,73099300992.0,50,0.1866659065045678,18.66659065045678
2019-06-27,475643198436.75,3608,3608,100123832960.0,50,0.2105019756175789,21.05019756175789
2019-06-28,415348546575.25,3613,3613,75802266368.0,50,0.1825027846925827,18.25027846925827
2019-07-01,613834785899.875,3611,3611,132301872512.0,50,0.21553335775529064,21.553335775529064
2019-07-02,538508887328.25,3612,3612,106744308224.0,50,0.19822199918296543,19.822199918296544
2019-07-03,487994309040.5,3611,3611,105008674176.0,50,0.21518421881285718,21.518421881285718
2019-07-04,438454719936.25,3608,3608,88369533184.0,50,0.20154768363959832,20.154768363959832
2019-07-05,374166014430.5,3613,3613,75740593280.0,50,0.20242510104847736,20.242510104847735
2019-07-08,467970898430.875,3610,3610,88348776640.0,50,0.18879117683650193,18.879117683650193
2019-07-09,351686442148.5,3606,3606,77248674112.0,50,0.21965212431868972,21.96521243186897
2019-07-10,331452230842.125,3608,3608,64411917248.0,50,0.19433242939517348,19.43324293951735
2019-07-11,348344816949.375,3606,3606,72868139264.0,50,0.20918393418952444,20.918393418952444
2019-07-12,329931108994.875,3610,3610,70236581440.0,50,0.21288256707278555,21.288256707278556
2019-07-15,422377403028.25,3612,3612,86662716928.0,50,0.20517839331997528,20.51783933199753
2019-07-16,352377329755.625,3614,3614,70818123456.0,50,0.20097241642960584,20.097241642960583
2019-07-17,381476043541.0,3613,3613,84485962368.0,50,0.22147121371966227,22.14712137196623
2019-07-18,363035199682.75,3614,3614,77555616896.0,50,0.21363112162064304,21.363112162064304
2019-07-19,349882631950.0,3614,3614,78042795392.0,50,0.22305421380033721,22.30542138003372
2019-07-22,414050788590.25,3641,3641,99919832512.0,50,0.24132264752400207,24.132264752400207
2019-07-23,323278541616.25,3641,3641,73382162112.0,50,0.22699360664373697,22.699360664373696
2019-07-24,400319396767.25,3639,3639,88366316288.0,50,0.22073953198769714,22.073953198769715
2019-07-25,399440078844.375,3642,3642,94354375808.0,50,0.2362165961937966,23.62165961937966
2019-07-26,351900352676.75,3643,3643,74116099968.0,50,0.210616725457169,21.0616725457169
2019-07-29,343760363469.6875,3645,3645,74326384576.0,50,0.2162156911454221,21.62156911454221
2019-07-30,384267158475.25,3645,3645,79268937088.0,50,0.20628600529520813,20.628600529520813
2019-07-31,357480323032.375,3647,3647,73642553792.0,50,0.20600449604419374,20.600449604419374
2019-08-01,373908941652.25,3647,3647,77576513856.0,50,0.20747434793401973,20.747434793401972
2019-08-02,454799674360.125,3649,3649,101542344960.0,50,0.22326828862149867,22.326828862149867
2019-08-05,415973808108.125,3650,3650,93196658176.0,50,0.22404453443803168,22.404453443803167
2019-08-06,523418713587.5,3652,3652,115904651264.0,50,0.2214377290211734,22.14377290211734
2019-08-07,376253247820.75,3651,3651,81306508160.0,50,0.21609516630334857,21.60951663033486
2019-08-08,367092709917.75,3651,3651,89095525248.0,50,0.24270578750518515,24.270578750518514
2019-08-09,380631196525.25,3653,3653,86875765760.0,50,0.22824131745658663,22.82413174565866
2019-08-12,362671944331.875,3654,3654,90674510592.0,50,0.25001799011236797,25.0017990112368
2019-08-13,339574221474.125,3653,3653,75681801024.0,50,0.22287263354520223,22.287263354520224
2019-08-14,402260573450.25,3651,3651,91049028800.0,50,0.22634340725728763,22.634340725728762
2019-08-15,393850025429.5,3656,3656,82966596672.0,50,0.21065530358040105,21.065530358040103
2019-08-16,430161175556.9375,3655,3655,92264832000.0,50,0.21448898050955678,21.448898050955677
2019-08-19,581461952664.75,3652,3652,125717044352.0,50,0.21620854774049836,21.620854774049835
2019-08-20,523620794784.75,3652,3652,99077682304.0,50,0.18921647744094816,18.921647744094816
2019-08-21,454354302029.625,3652,3652,88816392256.0,50,0.19547826852139932,19.54782685213993
2019-08-22,440096752240.625,3652,3652,85297299904.0,50,0.19381488154532733,19.381488154532732
2019-08-23,469514972783.25,3652,3652,95054608256.0,50,0.20245277310864726,20.245277310864726
2019-08-26,460995772271.0,3654,3654,94695378752.0,50,0.2054148529074418,20.54148529074418
2019-08-27,558157134648.75,3655,3655,114564664576.0,50,0.20525521840385663,20.525521840385665
2019-08-28,493593132749.6875,3658,3658,95916745344.0,50,0.19432350042973875,19.432350042973876
2019-08-29,478120430654.25,3657,3657,91952612736.0,50,0.1923210280099806,19.23210280099806
2019-08-30,554876402909.75,3661,3661,113820135168.0,50,0.2051270058901977,20.51270058901977
2019-09-02,553373840334.5,3662,3662,107038063488.0,50,0.19342812342429902,19.3428123424299
2019-09-03,564901924760.25,3663,3663,110894950528.0,50,0.19630832480357527,19.630832480357526
2019-09-04,606378580109.5,3662,3662,118716686720.0,50,0.19577981580180837,19.577981580180836
2019-09-05,797906526948.0938,3664,3664,156849937792.0,50,0.19657683261714134,19.657683261714133
2019-09-06,634311493918.375,3664,3664,128951798144.0,50,0.20329412186340404,20.329412186340402
2019-09-09,716331032731.0938,3666,3666,135609813120.0,50,0.18931165470100064,18.931165470100066
2019-09-10,696622195318.625,3663,3663,130680754304.0,50,0.18759200493781067,18.759200493781066
2019-09-11,642892874979.5625,3663,3663,132407239296.0,50,0.20595536900328723,20.595536900328725
2019-09-12,537423955627.75,3663,3663,103875702912.0,50,0.19328446717762268,19.32844671776227
2019-09-16,581423415459.875,3663,3663,101639770752.0,50,0.17481196671724744,17.481196671724746
2019-09-17,586155466229.625,3666,3666,106082385792.0,50,0.1809799479895023,18.09799479895023
2019-09-18,487266932457.0,3665,3665,93794085120.0,50,0.19249015041314563,19.249015041314564
2019-09-19,491629944815.5,3663,3663,90103991552.0,50,0.18327604431380687,18.32760443138069
2019-09-20,546973099665.25,3666,3666,108206312192.0,50,0.19782748412714035,19.782748412714035
2019-09-23,508107646552.8125,3664,3664,102550217984.0,50,0.20182774000694156,20.182774000694156
2019-09-24,548189891631.59375,3663,3663,107083469312.0,50,0.1953401019367291,19.53401019367291
2019-09-25,525832046544.0,3666,3666,99009015040.0,50,0.1882901882658748,18.82901882658748
2019-09-26,538101569731.5,3664,3664,99211646208.0,50,0.18437345621850587,18.437345621850586
2019-09-27,397731854702.5,3665,3665,76360989824.0,50,0.19199113402952692,19.19911340295269
2019-09-30,352544141058.875,3671,3671,72244249472.0,50,0.20492256446246027,20.492256446246028
2019-10-08,373046519088.375,3667,3667,78072096320.0,50,0.2092824683387668,20.928246833876678
2019-10-09,365880573288.75,3667,3667,77396761408.0,50,0.2115355858123659,21.153558581236588
2019-10-10,420544141081.5,3668,3668,90571767040.0,50,0.21536803914823177,21.536803914823178
2019-10-11,456601422609.75,3670,3670,95333095040.0,50,0.20878843192190333,20.87884319219033
2019-10-14,535076217292.5,3671,3671,104046285696.0,50,0.1944513367132574,19.44513367132574
2019-10-15,459218813620.875,3673,3673,79416763392.0,50,0.17293882793217927,17.293882793217925
2019-10-16,423423388855.75,3673,3673,85613549312.0,50,0.20219371807343983,20.219371807343983
2019-10-17,361236014755.4375,3672,3672,70260099072.0,50,0.1944991534677604,19.449915346776038
2019-10-18,415781318282.0,3674,3674,77574102272.0,50,0.18657428523372485,18.657428523372484
2019-10-21,370091107218.40625,3672,3672,70856587840.0,50,0.19145714786976648,19.145714786976647
2019-10-22,356993420752.3125,3674,3674,68771730176.0,50,0.19264144989303564,19.264144989303563
2019-10-23,368322328888.375,3675,3675,69356100160.0,50,0.1883027302996319,18.83027302996319
2019-10-24,360264321282.8125,3676,3676,69603291328.0,50,0.19320062303188898,19.320062303188898
2019-10-25,405755839575.5,3677,3677,92636642624.0,50,0.22830636946819066,22.830636946819066
2019-10-28,520294216286.75,3679,3679,99983559808.0,50,0.19216734816228673,19.216734816228673
2019-10-29,538970148005.0,3682,3682,110939641856.0,50,0.20583633855537917,20.583633855537915
2019-10-30,467360378808.0,3681,3681,95245048576.0,50,0.203793588191883,20.3793588191883
2019-10-31,451128987921.75,3683,3683,99723821696.0,50,0.22105389892014093,22.105389892014095
2019-11-01,434862622427.5,3684,3684,98205291392.0,50,0.2258306102368518,22.58306102368518
2019-11-04,469342821845.96875,3686,3686,100651961344.0,50,0.21445296840404743,21.445296840404744
2019-11-05,481453475535.875,3692,3692,103823872000.0,50,0.21564673904252182,21.56467390425218
2019-11-06,452600626473.625,3692,3692,91911116160.0,50,0.20307332951815094,20.307332951815095
2019-11-07,398935393996.0,3697,3697,74151718720.0,50,0.18587400324961764,18.587400324961763
2019-11-08,449389257433.5,3700,3700,89000304768.0,50,0.19804724589165362,19.804724589165364
2019-11-11,422966008432.75,3702,3702,77117393408.0,50,0.182325274065756,18.2325274065756
2019-11-12,365503659994.625,3704,3704,74920515520.0,50,0.20497883802614114,20.497883802614115
2019-11-13,359324813311.25,3698,3698,74733808768.0,50,0.20798399108403623,20.798399108403622
2019-11-14,387782096033.6875,3702,3702,82111220864.0,50,0.21174577605271083,21.174577605271082
2019-11-15,401054750213.25,3704,3704,80489920064.0,50,0.20069559086683716,20.069559086683718
2019-11-18,364200075699.875,3709,3709,74004943232.0,50,0.20319859376686394,20.319859376686395
2019-11-19,418303811184.90625,3708,3708,77241406912.0,50,0.18465384451841954,18.465384451841953
2019-11-20,426005438035.5,3708,3708,81215248640.0,50,0.19064368993625885,19.064368993625884
2019-11-21,361050061016.75,3711,3711,71039840192.0,50,0.19675897572748033,19.67589757274803
2019-11-22,471012913656.5625,3713,3713,101618153088.0,50,0.21574387907779222,21.574387907779222
2019-11-25,419884593813.125,3716,3716,84401169536.0,50,0.20101039852289465,20.101039852289464
2019-11-26,393387251905.65625,3716,3716,81517076032.0,50,0.20721839774195266,20.721839774195267
2019-11-27,355465944356.1875,3715,3715,75648227136.0,50,0.21281427472050096,21.281427472050098
2019-11-28,317881704182.0,3713,3713,62859826240.0,50,0.19774597094776564,19.774597094776563
2019-11-29,341415541821.125,3714,3714,79175060544.0,50,0.23190233262866963,23.190233262866965
2019-12-02,342454660539.5,3712,3712,69446096192.0,50,0.20278916947018694,20.278916947018693
2019-12-03,347037973938.9375,3717,3717,72432567424.0,50,0.20871654649742957,20.871654649742958
2019-12-04,355635560845.5,3717,3717,78503925504.0,50,0.2207426201062743,22.07426201062743
2019-12-05,423790132988.75,3720,3720,90322505216.0,50,0.21313026940718724,21.313026940718725
2019-12-06,409789154181.5,3720,3720,80996657856.0,50,0.19765446944973492,19.76544694497349
2019-12-09,460848000593.125,3721,3721,91645910784.0,50,0.19886363978155272,19.886363978155273
2019-12-10,466595894869.125,3720,3720,95793437568.0,50,0.2053027868898611,20.530278688986108
2019-12-11,466550994387.375,3723,3723,88021008640.0,50,0.1886632108791876,18.86632108791876
2019-12-12,448840233697.34375,3725,3725,83099083520.0,50,0.18514178828280872,18.514178828280873
2019-12-13,565497255709.875,3728,3728,121883481856.0,50,0.21553328619251796,21.553328619251797
2019-12-16,622518712104.25,3732,3732,131126811776.0,50,0.2106391490349946,21.06391490349946
2019-12-17,751425097677.1562,3732,3732,150671969664.0,50,0.20051495502314856,20.051495502314857
2019-12-18,667914204314.0,3732,3732,126951859968.0,50,0.19007210678860986,19.007210678860986
2019-12-19,578256426581.5,3733,3733,103467485952.0,50,0.1789301098885707,17.893010988857068
2019-12-20,570469566637.75,3732,3732,100624722304.0,50,0.17638929083818597,17.638929083818596
2019-12-23,537188483198.0,3736,3736,94916523904.0,50,0.17669128596901643,17.669128596901643
2019-12-24,442283112961.875,3739,3739,78219516672.0,50,0.17685395254677644,17.685395254677644
2019-12-25,503197357154.5,3736,3736,91355224320.0,50,0.18154949150885663,18.154949150885663
2019-12-26,503576695672.0,3737,3737,91516063232.0,50,0.181732125450873,18.1732125450873
2019-12-27,631981273544.75,3739,3739,118675163136.0,50,0.18778272095050727,18.778272095050728
2019-12-30,610890267353.875,3741,3741,126113720192.0,50,0.2064425101062302,20.64425101062302
2019-12-31,532530284522.75,3742,3742,98295046400.0,50,0.1845811388700482,18.45811388700482
2020-01-02,751366883861.25,3741,3741,150784481664.0,50,0.2006802334554904,20.06802334554904
2020-01-03,695371030710.75,3742,3742,126608760832.0,50,0.18207367756259724,18.207367756259725
2020-01-06,804063076797.75,3744,3744,137012866048.0,50,0.17040064393164958,17.040064393164958
2020-01-07,732289571192.3125,3744,3744,111957874816.0,50,0.15288743581819744,15.288743581819745
2020-01-08,779241115700.6875,3743,3743,125596326272.0,50,0.16117774555448702,16.1177745554487
2020-01-09,706578086791.125,3743,3743,118608667264.0,50,0.16786349517666613,16.78634951766661
2020-01-10,640118579048.8438,3741,3741,106937099392.0,50,0.16705826528406426,16.705826528406426
2020-01-13,667862761173.75,3741,3741,120300487552.0,50,0.1801275569558262,18.01275569558262
2020-01-14,701813384612.5,3744,3744,120014298368.0,50,0.17100599817466408,17.100599817466406
2020-01-15,610989575250.0,3744,3744,105047254144.0,50,0.17192969962051738,17.192969962051738
2020-01-16,612693335674.125,3745,3745,115138406144.0,50,0.18792175373887043,18.792175373887044
2020-01-17,607330656946.8125,3749,3749,111308856704.0,50,0.1832755442703561,18.32755442703561
2020-01-20,679156568824.625,3752,3752,123151084032.0,50,0.18132944549904023,18.132944549904025
2020-01-21,690458787324.625,3754,3754,119329049216.0,50,0.17282573762059522,17.28257376205952
2020-01-22,707864438304.5,3758,3758,132663527680.0,50,0.1874137483128267,18.74137483128267
2020-01-23,808739028656.5,3761,3761,154666915328.0,50,0.19124452987626556,19.124452987626555
2020-02-03,518930228988.5,3761,3761,155431421440.0,50,0.29952277350072143,29.952277350072144
2020-02-04,909743713228.5,3762,3762,173226745600.0,50,0.1904126877505453,19.04126877505453
2020-02-05,872020901466.0,3765,3765,158838872064.0,50,0.18215030373350874,18.215030373350874
2020-02-06,913194909288.5625,3766,3766,164417795712.0,50,0.1800467720961038,18.00467720961038
2020-02-07,929433702790.0,3767,3767,168254944768.0,50,0.1810295282632076,18.10295282632076
2020-02-10,885560598257.5,3768,3768,152309974784.0,50,0.1719927186052511,17.19927186052511
2020-02-11,785911431387.25,3770,3770,145521658112.0,50,0.1851629233272924,18.51629233272924
2020-02-12,789959147935.125,3772,3772,142350247552.0,50,0.18019950515680394,18.019950515680392
2020-02-13,871029922434.375,3774,3774,163735008768.0,50,0.18797862685404598,18.7978626854046
2020-02-14,812903692533.125,3775,3775,161323579648.0,50,0.1984534959427881,19.84534959427881
2020-02-17,937146121453.5,3776,3776,167087779328.0,50,0.17829426543306745,17.829426543306745
2020-02-18,999925238982.75,3776,3776,163362935040.0,50,0.1633751491323425,16.337514913234248
2020-02-19,1038772817472.5938,3778,3778,178980653056.0,50,0.172300092999615,17.230009299961498
2020-02-20,1068300405487.5938,3778,3778,198936874240.0,50,0.18621810234098077,18.621810234098078
2020-02-21,1170959625847.125,3781,3781,212859910144.0,50,0.18178245043248825,18.178245043248825
2020-02-24,1221973555325.5,3782,3782,207595313152.0,50,0.1698852747240527,16.98852747240527
2020-02-25,1415283106015.5,3782,3782,255859177216.0,50,0.1807830363610642,18.07830363610642
2020-02-26,1312657513715.5,3783,3783,239562570496.0,50,0.1825019610925884,18.25019610925884
2020-02-27,1050538980058.25,3783,3783,197577150976.0,50,0.18807217507059548,18.807217507059548
2020-02-28,1129285068330.5,3784,3784,209891291648.0,50,0.18586209765289535,18.586209765289535
2020-03-02,1029190038018.875,3783,3783,200104798976.0,50,0.19442939747181087,19.442939747181086
2020-03-03,1175899338194.75,3782,3782,208170542336.0,50,0.17703092056806927,17.703092056806927
2020-03-04,992037477086.625,3779,3779,179940632320.0,50,0.18138491385269262,18.138491385269262
2020-03-05,1171830695961.5,3780,3780,215214459136.0,50,0.18365661513877152,18.36566151387715
2020-03-06,957454386239.75,3779,3779,163637783424.0,50,0.17090922113445153,17.090922113445153
2020-03-09,1086108964313.5,3778,3778,182383531520.0,50,0.16792378804761976,16.792378804761977
2020-03-10,1081372625332.1875,3779,3779,193362841344.0,50,0.1788124063937727,17.881240639377268
2020-03-11,972813077794.625,3777,3777,170664323840.0,50,0.17543382972081067,17.54338297208107
2020-03-12,837484288835.0,3778,3778,150667073408.0,50,0.1799043581075277,17.99043581075277
2020-03-13,966511655797.1875,3779,3779,179488400000.0,50,0.18570743448712612,18.570743448712612
2020-03-16,963145823066.3125,3778,3778,180708030464.0,50,0.1876227110539608,18.76227110539608
2020-03-17,817902148474.875,3778,3778,159914739328.0,50,0.1955181798045031,19.55181798045031
2020-03-18,836866585474.125,3778,3778,164118779520.0,50,0.1961110437059915,19.61110437059915
2020-03-19,822251704807.0,3782,3782,173532357888.0,50,0.21104530020856782,21.10453002085678
2020-03-20,716871755254.1875,3784,3784,137778590592.0,50,0.19219419593836087,19.219419593836086
2020-03-23,687266283840.5,3787,3787,123549469056.0,50,0.17976943138487095,17.976943138487094
2020-03-24,712380258718.25,3786,3786,132172964736.0,50,0.18553709640103191,18.553709640103193
2020-03-25,751205377603.25,3785,3785,141326485760.0,50,0.18813295268320315,18.813295268320314
2020-03-26,642385855234.375,3788,3788,115606060416.0,50,0.17996358337283289,17.99635833728329
2020-03-27,633816450352.75,3791,3791,114259389056.0,50,0.18027204720295448,18.027204720295448
2020-03-30,633021532648.375,3790,3790,112872146176.0,50,0.17830696169808996,17.830696169808995
2020-03-31,561667003028.0,3790,3790,104763448960.0,50,0.1865223493550633,18.65223493550633
2020-04-01,584800396068.75,3792,3792,118514041472.0,50,0.20265725240389085,20.265725240389084
2020-04-02,597702165305.0,3792,3792,123535127296.0,50,0.20668341937988724,20.668341937988725
2020-04-03,572281519368.25,3793,3793,114489114624.0,50,0.2000573332341506,20.005733323415058
2020-04-07,731939742771.0,3790,3790,134494000384.0,50,0.1837500992565706,18.37500992565706
2020-04-08,673974451511.6875,3790,3790,120056093696.0,50,0.1781315203072176,17.81315203072176
2020-04-09,653143825832.8438,3792,3792,110955672064.0,50,0.1698793859415528,16.98793859415528
2020-04-10,672020646990.25,3793,3793,113284296704.0,50,0.16857264313434642,16.85726431343464
2020-04-13,498997896077.875,3792,3792,87151661312.0,50,0.17465336426668795,17.465336426668795
2020-04-14,589265802506.25,3793,3793,111197035904.0,50,0.1887043765836396,18.870437658363958
2020-04-15,641002489488.75,3792,3792,120776156672.0,50,0.18841760937360555,18.841760937360554
2020-04-16,594942368324.25,3798,3798,104430517120.0,50,0.1755304760260144,17.553047602601442
2020-04-17,740280549989.8125,3801,3801,151108039808.0,50,0.20412266648107869,20.412266648107867
2020-04-20,617238924219.5625,3798,3798,114086358016.0,50,0.1848333822437574,18.48333822437574
2020-04-21,649244844420.375,3799,3799,119503909504.0,50,0.18406601227721608,18.40660122772161
2020-04-22,605880132539.375,3803,3803,106501015040.0,50,0.17577901852241162,17.577901852241162
2020-04-23,670519648100.3125,3804,3804,114903156992.0,50,0.17136434005705678,17.136434005705677
2020-04-24,625155983254.875,3803,3803,104500192896.0,50,0.1671585903280005,16.71585903280005
2020-04-27,556600291308.25,3803,3803,94736003328.0,50,0.17020473184685128,17.020473184685127
2020-04-28,673809899894.0,3795,3795,119515123840.0,50,0.1773721695967979,17.73721695967979
2020-04-29,532682772545.25,3786,3786,97152016640.0,50,0.18238250164500522,18.23825016450052
2020-04-30,678930785778.25,3772,3772,129861202688.0,50,0.19127310973112185,19.127310973112184
2020-05-06,721016809583.5,3799,3799,140855250816.0,50,0.19535640354538467,19.535640354538465
2020-05-07,667149368705.0625,3805,3805,121078111360.0,50,0.1814857617193174,18.14857617193174
2020-05-08,687393121138.75,3807,3807,129035877888.0,50,0.1877177322843098,18.77177322843098
2020-05-11,684634014280.125,3808,3808,130575661824.0,50,0.19072330486135272,19.07233048613527
2020-05-12,598990374284.0,3808,3808,110308633216.0,50,0.18415760578432808,18.415760578432806
2020-05-13,581087594646.8125,3811,3811,107496992896.0,50,0.18499275132751222,18.499275132751222
2020-05-14,609954520178.625,3813,3813,108275588480.0,50,0.1775141996624462,17.75141996624462
2020-05-15,626882987863.625,3814,3814,121458386432.0,50,0.19374969297846478,19.374969297846476
2020-05-18,731666664874.25,3813,3813,151508460928.0,50,0.2070730678348445,20.70730678348445
2020-05-19,641416063068.4375,3812,3812,122863657856.0,50,0.19155064073113298,19.155064073113298
2020-05-20,686680673287.0312,3814,3814,129205355776.0,50,0.18815930140790843,18.815930140790844
2020-05-21,626066413706.5625,3815,3815,112147123712.0,50,0.17912975565650355,17.912975565650356
2020-05-22,592591772549.875,3818,3818,106847975680.0,50,0.18030620847171352,18.030620847171352
2020-05-25,490457262925.25,3818,3818,88967556736.0,50,0.18139716436324735,18.139716436324736
2020-05-26,529803045180.125,3818,3818,91312384512.0,50,0.17235156600686424,17.235156600686423
2020-05-27,573055885828.25,3812,3812,95196054784.0,50,0.16612001924805483,16.612001924805483
2020-05-28,578141681875.625,3815,3815,99587973504.0,50,0.17225530804302785,17.225530804302785
2020-05-29,571590993919.4375,3814,3814,98222733568.0,50,0.17184093978542275,17.184093978542275
2020-06-01,761441799819.625,3813,3813,131816421120.0,50,0.1731142434670982,17.31142434670982
2020-06-02,771970284804.625,3818,3818,150109925376.0,50,0.19445039314433035,19.445039314433036
2020-06-03,777424900698.0,3819,3819,154382745600.0,50,0.19858219805075658,19.85821980507566
2020-06-04,650494809007.5,3819,3819,119183103744.0,50,0.1832191465537519,18.321914655375192
2020-06-05,631479336887.0,3820,3820,115617710464.0,50,0.18309025127244852,18.30902512724485
2020-06-08,684097221665.6875,3824,3824,138240450688.0,50,0.20207719942408556,20.207719942408556
2020-06-09,620203754131.0938,3829,3829,121240065920.0,50,0.1954842503168293,19.54842503168293
2020-06-10,615024235212.875,3828,3828,121122325120.0,50,0.19693910936383927,19.693910936383926
2020-06-11,720849702917.0,3827,3827,136038453888.0,50,0.18871958098547448,18.87195809854745
2020-06-12,699153386739.875,3828,3828,126243363328.0,50,0.1805660470539489,18.05660470539489
2020-06-15,759376518917.25,3831,3831,132455510528.0,50,0.17442666085706793,17.442666085706794
2020-06-16,712329325174.25,3836,3836,127385284992.0,50,0.17882920229465354,17.882920229465356
2020-06-17,738775839504.75,3834,3834,121879105792.0,50,0.16497440668025037,16.49744066802504
2020-06-18,758412904232.3125,3837,3837,145601215616.0,50,0.19198145865329358,19.19814586532936
2020-06-19,778701381329.4062,3839,3839,161959145856.0,50,0.20798620593108727,20.798620593108726
2020-06-22,828527286141.25,3839,3839,165825272448.0,50,0.2001446122798297,20.01446122798297
2020-06-23,758274033623.4375,3838,3838,149810326144.0,50,0.1975675277025199,19.75675277025199
2020-06-24,728679327865.5,3837,3837,140524900480.0,50,0.19284875404882923,19.28487540488292
2020-06-29,716288142596.75,3841,3841,132542727552.0,50,0.18504107449202578,18.50410744920258
2020-06-30,746593994063.625,3836,3836,140849498624.0,50,0.1886560831508601,18.86560831508601
2020-07-01,907193614476.625,3847,3847,182965940096.0,50,0.20168345232627777,20.168345232627775
2020-07-02,1079870085712.6484,3849,3849,222639998208.0,50,0.20617294724028878,20.617294724028877
2020-07-03,1171528057122.2969,3851,3851,248753836800.0,50,0.21233280354465497,21.233280354465496
2020-07-06,1565665715549.1406,3851,3851,305350743552.0,50,0.19502933513805754,19.502933513805754
2020-07-07,1739577050180.9531,3849,3849,339416414464.0,50,0.19511433220430993,19.511433220430995
2020-07-08,1542347702508.2188,3855,3855,299604576256.0,50,0.19425229198887692,19.425229198887692
2020-07-09,1725921939235.4219,3857,3857,298392575488.0,50,0.17288880146003996,17.288880146003997
2020-07-10,1612233386634.3125,3859,3859,288837796864.0,50,0.17915383669542773,17.915383669542774
2020-07-13,1672115847428.7812,3861,3861,299899826176.0,50,0.179353497927286,17.9353497927286
2020-07-14,1704276828704.9062,3865,3865,294195010048.0,50,0.17262160999487458,17.26216099948746
2020-07-15,1571265731887.625,3864,3864,284941882880.0,50,0.1813454446929787,18.134544469297868
2020-07-16,1505895046127.3125,3866,3866,339255858688.0,50,0.22528519471556743,22.528519471556745
2020-07-17,1115986805196.125,3870,3870,238987435776.0,50,0.21414897977579586,21.414897977579585
2020-07-20,1193128315727.4375,3870,3870,244595091968.0,50,0.20500317421338962,20.500317421338963
2020-07-21,1103190853536.25,3873,3873,211823613440.0,50,0.19200994348439787,19.20099434843979
2020-07-22,1198579032398.375,3879,3879,225464157184.0,50,0.1881095456282451,18.810954562824513
2020-07-23,1246207049074.8438,3881,3881,238026200832.0,50,0.19100052516049024,19.100052516049022
2020-07-24,1335001017691.375,3883,3883,255301001472.0,50,0.19123655943985235,19.123655943985234
2020-07-27,927227224298.25,3885,3885,179367566464.0,50,0.19344510359879705,19.344510359879706
2020-07-28,897973135120.1875,3884,3884,182314499328.0,50,0.20302890164258475,20.302890164258475
2020-07-29,1046694994347.7812,3887,3887,214648629504.0,50,0.20507275821812093,20.507275821812094
2020-07-30,1093706661563.0,3890,3890,209285349376.0,50,0.1913541873073292,19.13541873073292
2020-07-31,1145942077639.25,3895,3895,230931113984.0,50,0.20152075614479584,20.152075614479585
2020-08-03,1333997830036.875,3895,3895,248290408448.0,50,0.18612504672600302,18.612504672600302
2020-08-04,1373096419549.75,3896,3896,258715477248.0,50,0.18841756016874256,18.841756016874257
2020-08-05,1196813141695.1875,3899,3899,212972271872.0,50,0.1779494763654937,17.79494763654937
2020-08-06,1291699757441.875,3902,3902,253832354304.0,50,0.1965103367416419,19.65103367416419
2020-08-07,1262281541146.375,3902,3902,255632951040.0,50,0.2025165881835205,20.251658818352052
2020-08-10,1157772595342.4375,3907,3907,232304327424.0,50,0.2006476300773821,20.06476300773821
2020-08-11,1134644980687.125,3906,3906,206652960512.0,50,0.18213006185146466,18.213006185146465
2020-08-12,1083636645184.25,3910,3910,202354119168.0,50,0.18673613527862365,18.673613527862365
2020-08-13,881457149397.75,3911,3911,167292203008.0,50,0.1897905112259868,18.97905112259868
2020-08-14,850149543924.625,3912,3912,160879966208.0,50,0.18923725520726006,18.923725520726006
2020-08-17,1154144794445.5,3916,3916,235172273664.0,50,0.203763232131534,20.3763232131534
2020-08-18,1090062833591.0,3919,3919,190727277056.0,50,0.17496906708367083,17.49690670836708
2020-08-19,1088341103801.125,3920,3920,190495985920.0,50,0.17503334685667607,17.503334685667607
2020-08-20,871800005897.0,3923,3923,151597242624.0,50,0.17388993071641556,17.388993071641558
2020-08-21,844336715238.0,3924,3924,149534827520.0,50,0.1771033105884178,17.71033105884178
2020-08-24,896882586608.75,3941,3941,165675328768.0,50,0.18472354268181715,18.472354268181714
2020-08-25,941922764915.5,3944,3944,160364129152.0,50,0.1702518880795776,17.02518880795776
2020-08-26,978325235515.5,3945,3945,160983629440.0,50,0.16455021663135813,16.455021663135813
2020-08-27,837838936442.25,3945,3945,135526797824.0,50,0.1617575788486186,16.17575788486186
2020-08-28,947904464892.5,3949,3949,178156641280.0,50,0.18794788702699528,18.794788702699528
2020-08-31,1034579739191.0625,3951,3951,195471441920.0,50,0.18893801465012164,18.893801465012164
2020-09-01,851635531843.875,3954,3954,148417986560.0,50,0.17427406561896308,17.42740656189631
2020-09-02,969145735780.25,3958,3958,166839068032.0,50,0.17215064966228166,17.215064966228166
2020-09-03,942310331192.25,3962,3962,156839711744.0,50,0.1664416769638511,16.64416769638511
2020-09-04,838669761173.25,3959,3959,139889051776.0,50,0.16679873086195857,16.679873086195858
2020-09-07,1021565773477.0,3959,3959,175905893504.0,50,0.172192430552256,17.2192430552256
2020-09-08,924246314680.875,3963,3963,150494870144.0,50,0.16282982983379607,16.282982983379608
2020-09-09,1036556869976.25,3958,3958,152950656768.0,50,0.14755645464151376,14.755645464151376
2020-09-10,873472366390.5,3964,3964,125698562816.0,50,0.14390674239121198,14.390674239121198
2020-09-11,684645741803.25,3967,3967,118272689280.0,50,0.17275020066361357,17.275020066361357
2020-09-14,769611023113.5,3964,3964,135108653440.0,50,0.17555446762367197,17.555446762367197
2020-09-15,725650979603.0,3970,3970,128114316160.0,50,0.17655087605626976,17.655087605626978
2020-09-16,684296954515.5,3974,3974,123762876160.0,50,0.1808613575485329,18.086135754853288
2020-09-17,753542337543.875,3979,3979,137753451776.0,50,0.1828078462386054,18.28078462386054
2020-09-18,835646625834.125,3986,3986,162963541248.0,50,0.19501489769713748,19.501489769713746
2020-09-21,755770088066.0,3987,3987,136640218112.0,50,0.1807960122656607,18.07960122656607
2020-09-22,703110520927.3125,3995,3995,124721410304.0,50,0.17738521411898156,17.738521411898155
2020-09-23,661086955275.375,3994,3994,127036631552.0,50,0.1921632707138852,19.21632707138852
2020-09-24,679465965164.875,3998,3998,120147623168.0,50,0.1768265510382786,17.68265510382786
2020-09-25,569505960178.75,4004,4004,102304309632.0,50,0.179636942868675,17.963694286867497
2020-09-28,540297446208.125,4007,4007,101629469312.0,50,0.18809911100866442,18.80991110086644
2020-09-29,545292281167.3125,4013,4013,96585966848.0,50,0.17712696508602227,17.712696508602228
2020-09-30,540162499851.125,4016,4016,96929072384.0,50,0.17944428280510916,17.944428280510916
2020-10-09,711487016409.375,4019,4019,140818778112.0,50,0.1979217819358994,19.79217819358994
2020-10-12,971674134822.0,4018,4018,177881778944.0,50,0.1830673191445875,18.306731914458748
2020-10-13,835141476815.5,4023,4023,151299901312.0,50,0.18116679091179336,18.116679091179336
2020-10-14,827926608963.875,4021,4021,144566841856.0,50,0.17461311218988482,17.46131121898848
2020-10-15,764204919524.5,4023,4023,140813201536.0,50,0.18426105084957597,18.426105084957598
2020-10-16,708722710700.25,4025,4025,129824362880.0,50,0.18318075732570735,18.318075732570733
2020-10-19,739203102315.75,4028,4028,133372947712.0,50,0.1804280140250681,18.04280140250681
2020-10-20,667407855476.5,4029,4029,120667599616.0,50,0.18080038858674896,18.080038858674897
2020-10-21,706369533856.0,4030,4030,124056933376.0,50,0.1756261098900822,17.56261098900822
2020-10-22,663721999721.375,4034,4034,124538729216.0,50,0.18763688602800618,18.763688602800617
2020-10-23,687621891724.75,4036,4036,125517326464.0,50,0.1825382931732541,18.25382931732541
2020-10-26,633527502425.625,4037,4037,127328109696.0,50,0.2009827658759741,20.09827658759741
2020-10-27,631235736589.9375,4038,4038,112013462144.0,50,0.17745107833900417,17.745107833900416
2020-10-28,733278280437.625,4039,4039,140639179776.0,50,0.19179509816118606,19.179509816118607
2020-10-29,780322089238.875,4044,4044,154053160576.0,50,0.19742252936382107,19.74225293638211
2020-10-30,870896978928.75,4045,4045,169985767040.0,50,0.19518470169582125,19.518470169582123
2020-11-02,812620900000.125,4045,4045,166638136576.0,50,0.2050625778588446,20.50625778588446
2020-11-03,784740141642.75,4045,4045,150067912064.0,50,0.19123261841792955,19.123261841792953
2020-11-04,729794352249.0,4046,4046,142805368192.0,50,0.19567891660427095,19.567891660427094
2020-11-05,859701294981.5,4050,4050,166815268224.0,50,0.19403863783593547,19.403863783593547
2020-11-06,878515045134.25,4051,4051,190121914240.0,50,0.216412815344496,21.6412815344496
2020-11-09,1083481479689.5,4057,4057,216897752064.0,50,0.20018593407444096,20.018593407444097
2020-11-10,981101026029.0,4058,4058,204755048704.0,50,0.20869925040517462,20.86992504051746
2020-11-11,869450139076.125,4060,4060,185573636352.0,50,0.21343792819354768,21.343792819354768
2020-11-12,707865542926.4375,4063,4063,146231066368.0,50,0.20658028608576667,20.658028608576668
2020-11-13,727151869875.5,4060,4060,166841245440.0,50,0.22944484137621193,22.944484137621192
2020-11-16,800839435943.875,4061,4061,157267749760.0,50,0.19637862810120374,19.637862810120374
2020-11-17,853344376365.0,4063,4063,173623205504.0,50,0.20346206093673996,20.346206093673995
2020-11-18,821480780763.375,4067,4067,171393819904.0,50,0.20864008497524358,20.86400849752436
2020-11-19,774224683133.625,4066,4066,145275157376.0,50,0.18763953221952065,18.763953221952065
2020-11-20,750887944210.75,4066,4066,137482427776.0,50,0.18309313504894031,18.309313504894032
2020-11-23,953788151912.5,4067,4067,184527991168.0,50,0.19346852946117168,19.346852946117167
2020-11-24,830120328641.5,4066,4066,158337153536.0,50,0.1907400024706301,19.07400024706301
2020-11-25,863153859640.75,4065,4065,159144137344.0,50,0.18437516737773355,18.437516737773354
2020-11-26,733073943691.0,4070,4070,139661416832.0,50,0.19051477416972423,19.051477416972425
2020-11-27,725496172215.5,4070,4070,141388684032.0,50,0.19488549967152988,19.488549967152988
2020-11-30,950140601856.75,4068,4068,218535582464.0,50,0.2300034142704155,23.00034142704155
2020-12-01,864649960794.0,4070,4070,178474047360.0,50,0.20641190707521567,20.641190707521567
2020-12-02,880723049521.625,4070,4070,183250449792.0,50,0.20806818884953066,20.806818884953067
2020-12-03,826166808830.75,4073,4073,161334269824.0,50,0.19528050279861972,19.528050279861972
2020-12-04,748659141833.0,4074,4074,157155625472.0,50,0.20991612429552886,20.991612429552887
2020-12-07,768810116207.625,4075,4075,160073642240.0,50,0.2082095941057707,20.82095941057707
2020-12-08,701568561315.25,4080,4080,144233516928.0,50,0.20558720113911808,20.558720113911807
2020-12-09,791512095491.25,4080,4080,160528130816.0,50,0.20281197435949302,20.281197435949302
2020-12-10,709186189770.625,4081,4081,138205879296.0,50,0.19487954121145604,19.487954121145602
2020-12-11,834805494209.25,4084,4084,153666425600.0,50,0.18407452594158707,18.40745259415871
2020-12-14,709654932098.75,4087,4087,143370855552.0,50,0.202028970795696,20.202897079569603
2020-12-15,709483231786.625,4090,4090,160164713472.0,50,0.2257484127830227,22.574841278302273
2020-12-16,700885583014.75,4094,4094,149176338944.0,50,0.21283978806118575,21.283978806118576
2020-12-17,791658969439.75,4093,4093,168283020928.0,50,0.21257009321462295,21.257009321462295
2020-12-18,771090164937.5,4096,4096,158914670464.0,50,0.2060909056943823,20.60909056943823
2020-12-21,864229673149.75,4098,4098,190501893120.0,50,0.22042970640628612,22.04297064062861
2020-12-22,957455852000.875,4097,4097,204384152320.0,50,0.21346587614758578,21.346587614758576
2020-12-23,928999926513.125,4100,4100,204090073088.0,50,0.21968793243506957,21.96879324350696
2020-12-24,826097059546.0,4102,4102,158933679872.0,50,0.192391049012262,19.2391049012262
2020-12-25,793714775903.75,4105,4105,154833103232.0,50,0.19507398366837997,19.507398366837997
2020-12-28,880959989309.625,4108,4108,178800841728.0,50,0.2029613647585964,20.29613647585964
2020-12-29,859670751160.25,4114,4114,181462887168.0,50,0.21108417021643414,21.108417021643415
2020-12-30,846944495526.0,4116,4116,195370268928.0,50,0.23067659092189283,23.06765909218928
2020-12-31,961676932191.5,4118,4118,212266870528.0,50,0.22072575874756556,22.072575874756556
2021-01-04,1164340614075.75,4121,4121,268544935168.0,50,0.230641216085355,23.0641216085355
2021-01-05,1266390839364.875,4122,4122,289684745984.0,50,0.22874829553353668,22.874829553353667
2021-01-06,1167331672488.625,4124,4124,257199249664.0,50,0.2203309099937972,22.03309099937972
2021-01-07,1216450284710.875,4129,4129,273096029440.0,50,0.22450241729764506,22.450241729764507
2021-01-08,1132164906134.0,4130,4130,290179155968.0,50,0.256304672928676,25.6304672928676
2021-01-11,1211737464773.5,4126,4126,312556633600.0,50,0.25794088462753245,25.794088462753244
2021-01-12,1090215447202.625,4127,4127,289729924608.0,50,0.26575474173606295,26.575474173606295
2021-01-13,1234453287239.75,4129,4129,327171239168.0,50,0.26503330871235975,26.503330871235974
2021-01-14,1121308294289.375,4126,4126,296042609920.0,50,0.2640153572640929,26.401535726409293
2021-01-15,1036384681145.75,4123,4123,288660196352.0,50,0.2785261125558887,27.852611255588872
2021-01-18,998127558993.5,4126,4126,257521202944.0,50,0.2580043007766275,25.80043007766275
2021-01-19,1041050621539.5,4130,4130,258491853312.0,50,0.24829902404721074,24.829902404721075
2021-01-20,915564589330.625,4130,4130,230590461440.0,50,0.25185602864849344,25.185602864849344
2021-01-21,1085614858845.375,4133,4133,267648371968.0,50,0.24654081490065657,24.654081490065657
2021-01-22,1113657847870.75,4138,4138,273604370944.0,50,0.24568081791648655,24.568081791648655
2021-01-25,1208170323687.0,4137,4137,333206551040.0,50,0.27579435159700516,27.579435159700516
2021-01-26,1014036461042.75,4139,4139,263006360832.0,50,0.2593657831213942,25.936578312139417
2021-01-27,923050817058.0,4143,4143,237114657024.0,50,0.2568814767747515,25.688147677475147
2021-01-28,915519668838.875,4149,4149,233875296512.0,50,0.2554563320399405,25.54563320399405
2021-01-29,952049122138.625,4151,4151,254329948416.0,50,0.2671395230581052,26.71395230581052
2021-02-01,856515763544.125,4154,4154,210159298816.0,50,0.24536536017316773,24.536536017316774
2021-02-02,900693175052.0,4155,4155,234833460224.0,50,0.26072525775544186,26.072525775544186
2021-02-03,953517575798.125,4156,4156,262366105600.0,50,0.27515602465994515,27.515602465994515
2021-02-04,942331827406.5,4157,4157,247822774016.0,50,0.2629888610449056,26.29888610449056
2021-02-05,890983631858.375,4157,4157,244177559808.0,50,0.27405392318903216,27.405392318903214
2021-02-08,806007163648.8125,4159,4159,223622736128.0,50,0.2774450975294746,27.74450975294746
2021-02-09,837159835914.125,4166,4166,227618958592.0,50,0.2718942653805825,27.18942653805825
2021-02-10,875104060897.125,4174,4174,256530495232.0,50,0.29314284631363063,29.314284631363062
2021-02-18,1084927113704.625,4169,4169,303624275968.0,50,0.27985684211655043,27.985684211655045
2021-02-19,1042252987431.875,4173,4173,268483016704.0,50,0.2575987019864972,25.759870198649722
2021-02-22,1292762249942.5,4173,4173,315372121088.0,50,0.24395214286465067,24.395214286465066
2021-02-23,1021143004128.5,4173,4173,244778530816.0,50,0.23971033422973656,23.971033422973655
2021-02-24,1063463453682.625,4176,4176,290433411328.0,50,0.27310145009898534,27.310145009898534
2021-02-25,933789435224.75,4177,4177,233646437376.0,50,0.25021319428374617,25.021319428374618
2021-02-26,906463819778.75,4178,4178,236188396544.0,50,0.260560202614208,26.056020261420798
2021-03-01,873027828503.25,4179,4179,212109036288.0,50,0.24295793256859555,24.295793256859554
2021-03-02,917322509563.0,4180,4180,225885675008.0,50,0.24624455701584044,24.624455701584044
2021-03-03,862968771847.25,4181,4181,204244788224.0,50,0.23667691680986158,23.66769168098616
2021-03-04,971862271904.375,4181,4181,242089651200.0,50,0.24909872334649089,24.909872334649087
2021-03-05,876271028466.0,4182,4182,206569016064.0,50,0.23573644380965067,23.573644380965067
2021-03-08,979034417149.5,4184,4184,239893200128.0,50,0.24503040539316193,24.503040539316192
2021-03-09,986508089959.75,4185,4185,248603011584.0,50,0.2520030135729988,25.20030135729988
2021-03-10,749622651705.75,4186,4186,190849233280.0,50,0.25459373839054456,25.459373839054457
2021-03-11,803782250982.25,4186,4186,208986642432.0,50,0.26000405231219154,26.000405231219155
2021-03-12,816797671852.125,4187,4187,197198660608.0,50,0.2414290189648108,24.14290189648108
2021-03-15,806873634648.0,4188,4188,199149919232.0,50,0.2468167389294849,24.681673892948492
2021-03-16,735343187392.375,4190,4190,166389392640.0,50,0.22627447359652433,22.627447359652432
2021-03-17,710636313739.25,4191,4191,168044688896.0,50,0.23647073143754338,23.647073143754337
2021-03-18,736644327069.5,4193,4193,165169751808.0,50,0.2242191322711656,22.421913227116562
2021-03-19,771962034584.0,4192,4192,174990184704.0,50,0.22668237149550996,22.668237149550997
2021-03-22,759796814018.875,4202,4202,159963307648.0,50,0.21053432272489914,21.053432272489914
2021-03-23,788474128302.75,4204,4204,160154843648.0,50,0.20311997299485954,20.311997299485952
2021-03-24,762257660753.25,4205,4205,160637237120.0,50,0.21073876379446424,21.073876379446425
2021-03-25,675882903313.75,4208,4208,145275637504.0,50,0.21494202145332553,21.49420214533255
2021-03-26,747838067971.5,4211,4211,179138621568.0,50,0.23954199343436866,23.954199343436866
2021-03-29,757739634652.5,4215,4215,167775076864.0,50,0.22141520542335336,22.141520542335336
2021-03-30,749257718400.0,4218,4218,161259621120.0,50,0.2152258390669119,21.52258390669119
2021-03-31,687323263627.125,4216,4216,150538428032.0,50,0.21902129026970862,21.90212902697086
2021-04-01,657537793115.125,4221,4221,129327847168.0,50,0.19668504004203546,19.668504004203548
2021-04-02,716603371729.75,4221,4221,157033506944.0,50,0.21913587507263568,21.913587507263568
2021-04-06,660110892331.5,4228,4228,136421804032.0,50,0.20666497950088447,20.66649795008845
2021-04-07,739830695634.25,4226,4226,153451928192.0,50,0.20741492492474523,20.74149249247452
2021-04-08,767129813512.875,4229,4229,145273452928.0,50,0.18937271159200206,18.937271159200204
2021-04-09,694571092619.75,4233,4233,138855672192.0,50,0.19991570865448896,19.991570865448896
2021-04-12,775629771530.25,4237,4237,167033126272.0,50,0.21535161800514463,21.535161800514462
2021-04-13,671343693690.25,4240,4240,143738218496.0,50,0.21410526358845802,21.410526358845804
2021-04-14,653904151482.0,4242,4242,151101458816.0,50,0.23107585182560103,23.107585182560104
2021-04-15,660521459811.75,4241,4241,149145082368.0,50,0.2257989958577677,22.57989958577677
2021-04-16,691902916573.5,4245,4245,134823122176.0,50,0.19485843887417392,19.485843887417392
2021-04-19,861343289453.0,4249,4249,188319215360.0,50,0.21863433275203548,21.863433275203548
2021-04-20,845326055455.25,4252,4252,181532892672.0,50,0.2147489616586295,21.47489616586295
2021-04-21,743368443853.5,4260,4260,168045032832.0,50,0.22605887325655383,22.60588732565538
2021-04-22,740736997796.0,4260,4260,157633578624.0,50,0.21280640644793675,21.280640644793674
2021-04-23,778484337363.375,4252,4252,181827220352.0,50,0.23356567579487225,23.356567579487226
2021-04-26,908264161268.25,4258,4258,211194643456.0,50,0.2325255718128297,23.25255718128297
2021-04-27,764506459874.5,4247,4247,166360542592.0,50,0.21760514962726338,21.760514962726337
2021-04-28,787987523485.875,4260,4260,186022751488.0,50,0.23607321936403036,23.607321936403036
2021-04-29,822072523083.0,4245,4245,187480754304.0,50,0.22805865545888235,22.805865545888235
2021-04-30,866584274731.625,4240,4240,202263302912.0,50,0.23340292318902223,23.340292318902222
2021-05-06,875259078528.625,4267,4267,221406826240.0,50,0.252961473547011,25.296147354701098
2021-05-07,883608159983.5,4266,4266,202778115072.0,50,0.22948873070138529,22.94887307013853
2021-05-10,854687449659.75,4267,4267,183235199488.0,50,0.2143885458490653,21.43885458490653
2021-05-11,842972948041.25,4270,4270,185782201088.0,50,0.22038928001152053,22.03892800115205
2021-05-12,765278060502.625,4276,4276,152670020096.0,50,0.19949614130545995,19.949614130545996
2021-05-13,801400882997.5,4283,4283,162663188480.0,50,0.20297355784234572,20.297355784234572
2021-05-14,901476984387.5,4281,4281,199882213504.0,50,0.2217274727649404,22.17274727649404
2021-05-17,929875886131.25,4284,4284,216963291520.0,50,0.23332500041771823,23.332500041771823
2021-05-18,751993137137.0,4280,4280,157491320576.0,50,0.2094318588805257,20.94318588805257
2021-05-19,791365133897.5,4281,4281,185539040000.0,50,0.23445440297099515,23.445440297099516
2021-05-20,864326317245.5,4295,4295,184803283968.0,50,0.21381193685845987,21.381193685845986
2021-05-21,807870044504.75,4296,4296,189945779840.0,50,0.23511922633106516,23.511922633106515
2021-05-24,842049797127.25,4294,4294,199716305664.0,50,0.23717873496954126,23.717873496954127
2021-05-25,1006337501665.25,4300,4300,252439276032.0,50,0.25084951680154305,25.084951680154305
2021-05-26,966778281754.125,4305,4305,213829095680.0,50,0.22117697481994314,22.117697481994313
2021-05-27,939436989871.0,4307,4307,187028558080.0,50,0.19908579297658066,19.908579297658065
2021-05-28,1015971980540.0,4310,4310,220307399424.0,50,0.2168439717273544,21.68439717273544
2021-05-31,1009365048673.125,4312,4312,209813214720.0,50,0.2078665345068297,20.78665345068297
2021-06-01,1046761708319.375,4313,4313,200016347648.0,50,0.1910810703700039,19.10810703700039
2021-06-02,1012775686379.25,4316,4316,182328044288.0,50,0.18002806222554238,18.002806222554238
2021-06-03,955516400460.375,4319,4319,184678501376.0,50,0.1932761188473798,19.32761188473798
2021-06-04,937331727093.375,4320,4320,188787886848.0,50,0.2014098972552898,20.14098972552898
2021-06-07,949135363041.5,4320,4320,185675827456.0,50,0.19562628755186473,19.562628755186473
2021-06-08,985268132639.125,4324,4324,208406941696.0,50,0.21152307152953803,21.152307152953803
2021-06-09,880926262358.75,4325,4325,168298615040.0,50,0.19104733532335283,19.10473353233528
2021-06-10,1002088996521.5,4326,4326,205479251712.0,50,0.2050509010928865,20.505090109288652
2021-06-11,1121051991691.75,4332,4332,241474554368.0,50,0.2153999601781155,21.53999601781155
2021-06-15,1000375475962.0,4329,4329,224539036160.0,50,0.22445475879351653,22.445475879351655
2021-06-16,932054859055.75,4330,4330,214438475264.0,50,0.23007065858896356,23.007065858896354
2021-06-17,891895180435.25,4335,4335,192288982528.0,50,0.21559594305035024,21.559594305035024
2021-06-18,1009959388210.125,4336,4336,235581332224.0,50,0.23325822302766358,23.32582230276636
2021-06-21,1014174483675.25,4332,4332,213537226752.0,50,0.2105527502310707,21.05527502310707
2021-06-22,1011286734065.5,4340,4340,202538801664.0,50,0.2002783135993177,20.02783135993177
2021-06-23,1073101248660.875,4341,4341,233301336832.0,50,0.2174085037391739,21.74085037391739
2021-06-24,1012832512611.3125,4344,4344,222790756352.0,50,0.21996801403777488,21.99680140377749
2021-06-25,1054459489870.3125,4349,4349,241403357440.0,50,0.2289356393100413,22.89356393100413
2021-06-28,1017318606124.875,4353,4353,220094014976.0,50,0.2163471833218232,21.63471833218232
2021-06-29,997305739436.5,4357,4357,208579208960.0,50,0.20914269387224413,20.91426938722441
2021-06-30,942371808470.375,4359,4359,198001251584.0,50,0.21010948099709043,21.010948099709044
2021-07-01,1019773244834.25,4361,4361,211477400576.0,50,0.20737688662382264,20.737688662382265
2021-07-02,1002693764950.5,4363,4363,224277928960.0,50,0.22367540000717162,22.367540000717163
2021-07-05,1005670588019.0,4365,4365,223747932416.0,50,0.2224863042447581,22.24863042447581
2021-07-06,1119920100805.75,4370,4370,263685095168.0,50,0.2354499173452519,23.54499173452519
2021-07-07,1050378222854.25,4375,4375,242478809856.0,50,0.23084904521068528,23.084904521068527
2021-07-08,1197161086824.25,4379,4379,274748352256.0,50,0.22949990212665056,22.949990212665057
2021-07-09,1127694859730.0,4380,4380,255516542208.0,50,0.22658305126014092,22.658305126014092
2021-07-12,1317822353211.5,4380,4380,292986608128.0,50,0.22232633056648266,22.232633056648265
2021-07-13,1220047827486.75,4382,4382,255952338944.0,50,0.2097887748148789,20.97887748148789
2021-07-14,1214901553642.25,4380,4380,263727379968.0,50,0.2170771608426631,21.70771608426631
2021-07-15,1171504846644.0,4380,4380,264206439680.0,50,0.22552739789072998,22.552739789072998
2021-07-16,1181509568873.75,4384,4384,257623198464.0,50,0.2180457994170746,21.804579941707463
2021-07-19,1121708042084.0,4383,4383,238121024512.0,50,0.21228431604145362,21.228431604145364
2021-07-20,966714496966.25,4386,4386,189385869568.0,50,0.19590672340420262,19.590672340420262
2021-07-21,1209089003372.25,4385,4385,273431768576.0,50,0.22614693195734642,22.61469319573464
2021-07-22,1300739378217.375,4391,4391,277328377088.0,50,0.21320825811245167,21.320825811245168
2021-07-23,1378671775088.5,4393,4393,276477091072.0,50,0.20053873305287062,20.053873305287063
2021-07-26,1418888300476.5,4397,4397,306034277120.0,50,0.21568595429057075,21.568595429057076
2021-07-27,1533963203299.0,4398,4398,348071247104.0,50,0.22690977616374672,22.69097761637467
2021-07-28,1269798095393.5,4402,4402,268070166528.0,50,0.21111243393771767,21.111243393771765
2021-07-29,1249409965946.0,4404,4404,274241170176.0,50,0.21949654448958736,21.949654448958736
2021-07-30,1339575943323.75,4407,4407,292688834048.0,50,0.21849364756564807,21.849364756564807
2021-08-02,1512815554506.25,4408,4408,340583144960.0,50,0.22513196929096813,22.513196929096814
2021-08-03,1416029281292.75,4410,4410,303634240512.0,50,0.214426526713346,21.4426526713346
2021-08-04,1288986055894.5,4416,4416,297388367104.0,50,0.23071496060337554,23.071496060337555
2021-08-05,1290879133792.25,4420,4420,276229795328.0,50,0.21398579316756974,21.398579316756976
2021-08-06,1225081417719.5,4422,4422,276580834048.0,50,0.22576526755491705,22.576526755491706
2021-08-09,1249240947109.5,4421,4421,267854466560.0,50,0.2144137743641553,21.44137743641553
2021-08-10,1344407557278.5,4425,4425,306013722624.0,50,0.22761975783851376,22.761975783851376
2021-08-11,1282731550546.75,4425,4425,252669402880.0,50,0.1969776160665125,19.69776160665125
2021-08-12,1304897119924.25,4429,4429,267760447744.0,50,0.20519659646389873,20.519659646389872
2021-08-13,1297304818814.875,4434,4434,262164762624.0,50,0.20208416620505196,20.208416620505197
2021-08-16,1257154027372.0,4436,4436,240537411840.0,50,0.19133487751125297,19.133487751125298
2021-08-17,1308258075795.0,4439,4439,247667034624.0,50,0.18931053375955514,18.931053375955514
2021-08-18,1197196981431.75,4439,4439,247688197120.0,50,0.20689009491469407,20.689009491469406
2021-08-19,1215212652961.0,4442,4442,269303503360.0,50,0.2216101870761568,22.16101870761568
2021-08-20,1252538528391.75,4445,4445,292952579328.0,50,0.2338870802674221,23.38870802674221
2021-08-23,1322703949440.5,4445,4445,276853377792.0,50,0.20930864983740935,20.930864983740936
2021-08-24,1408413665694.0,4449,4449,288539940096.0,50,0.204868744974738,20.4868744974738
2021-08-25,1314548634895.75,4448,4448,255420251648.0,50,0.1943026259110269,19.43026259110269
2021-08-26,1374317474209.5,4450,4450,247791767296.0,50,0.1803016929829321,18.03016929829321
2021-08-27,1344277433155.5,4451,4451,263870825728.0,50,0.1962919403538604,19.629194035386043
2021-08-30,1578125048596.625,4451,4451,334361099520.0,50,0.2118723733694845,21.18723733694845
2021-08-31,1481890320999.25,4450,4450,295642082816.0,50,0.19950334962485367,19.950334962485368
2021-09-01,1711133141548.75,4451,4451,361876091904.0,50,0.21148330490312708,21.14833049031271
2021-09-02,1433935209799.5,4449,4449,273820264704.0,50,0.19095720840991617,19.095720840991618
2021-09-03,1573006669047.125,4449,4449,301303513856.0,50,0.19154624057539416,19.154624057539415
2021-09-06,1425999162630.25,4451,4451,286334660864.0,50,0.20079581276601652,20.07958127660165
2021-09-07,1402124950969.875,4455,4455,259759769600.0,50,0.18526149857066554,18.526149857066553
2021-09-08,1474520629070.75,4457,4457,262028418048.0,50,0.17770413847185818,17.770413847185818
2021-09-09,1431957783040.875,4462,4462,245075093504.0,50,0.17114687067349413,17.11468706734941
2021-09-10,1543786597149.375,4463,4463,289951252224.0,50,0.18781822096357056,18.781822096357057
2021-09-13,1462978299806.25,4469,4469,267687320320.0,50,0.18297422480938458,18.297422480938458
2021-09-14,1512952153167.25,4473,4473,279808719616.0,50,0.18494221316268447,18.494221316268447
2021-09-15,1354500255822.5,4473,4473,248656209408.0,50,0.18357782387941096,18.357782387941096
2021-09-16,1478136747234.0,4473,4473,259001434624.0,50,0.17522156533126101,17.5221565331261
2021-09-17,1342911058555.625,4474,4474,244293154048.0,50,0.18191313005550105,18.191313005550107
2021-09-22,1152378459099.0,4471,4471,199426005760.0,50,0.17305599925559478,17.305599925559477
2021-09-23,1321170561842.0,4471,4471,231084911104.0,50,0.1749092189745866,17.490921897458662
2021-09-24,1283101604983.75,4472,4472,234902769664.0,50,0.18307417647332375,18.307417647332375
2021-09-27,1365395410619.5,4470,4470,264024745984.0,50,0.19336870765092734,19.336870765092733
2021-09-28,1043583037990.25,4474,4474,201354981888.0,50,0.19294581701497646,19.294581701497645
2021-09-29,1077578846395.25,4479,4479,204880052992.0,50,0.19012998786805352,19.01299878680535
2021-09-30,950268813028.5,4481,4481,199689912832.0,50,0.21014044667591442,21.014044667591442
2021-10-08,1060414564133.25,4483,4483,218261644544.0,50,0.20582671336884203,20.582671336884204
2021-10-11,992067126865.75,4484,4484,181450189056.0,50,0.1829011204405672,18.29011204405672
2021-10-12,996407629040.75,4487,4487,169798639104.0,50,0.17041081797764493,17.041081797764495
2021-10-13,889576700131.0,4488,4488,174337400960.0,50,0.19597793077800588,19.59779307780059
2021-10-14,860812318190.75,4489,4489,155719847680.0,50,0.18089872134647308,18.089872134647308
2021-10-15,988889874138.25,4491,4491,205007069952.0,50,0.20731031362885546,20.731031362885545
2021-10-18,1002076608553.75,4496,4496,210181784832.0,50,0.20974622402906448,20.974622402906448
2021-10-19,973157329279.75,4498,4498,186547845632.0,50,0.19169340868045168,19.16934086804517
2021-10-20,1019831833670.0,4500,4500,205112009216.0,50,0.20112336411178425,20.112336411178426
2021-10-21,992830742244.75,4504,4504,191025862144.0,50,0.19240526508284614,19.240526508284614
2021-10-22,1015069188479.125,4505,4505,197071172096.0,50,0.1941455561184663,19.41455561184663
2021-10-25,1014692646890.25,4505,4505,203844997120.0,50,0.2008933421807363,20.089334218073628
2021-10-26,1082247100085.25,4508,4508,214835247616.0,50,0.19850849921342098,19.8508499213421
2021-10-27,1076861096908.5,4514,4514,212230235904.0,50,0.19708227599017167,19.708227599017167
2021-10-28,1107449632824.75,4520,4520,224689190912.0,50,0.20288885765295683,20.28888576529568
2021-10-29,1138287507358.625,4521,4521,246905920256.0,50,0.2169099798248165,21.69099798248165
2021-11-01,1223075331229.5,4522,4522,256130237440.0,50,0.2094149320978654,20.94149320978654
2021-11-02,1258113554081.5,4525,4525,236284132864.0,50,0.18780827223223256,18.780827223223255
2021-11-03,1000159746159.375,4525,4525,204934519040.0,50,0.20490178676651497,20.490178676651496
2021-11-04,1078650135423.625,4526,4526,209075946240.0,50,0.19383110368580106,19.383110368580105
2021-11-05,1150941849901.5,4526,4526,213400456960.0,50,0.18541376089353537,18.541376089353538
2021-11-08,1038890411048.5,4527,4527,199227472896.0,50,0.19176947902996785,19.176947902996787
2021-11-09,1011018270623.1875,4523,4523,180964867072.0,50,0.17899267731378782,17.89926773137878
2021-11-10,1080270287470.25,4526,4526,208179126016.0,50,0.1927102211646575,19.27102211646575
2021-11-11,1123101593477.375,4525,4525,199509695744.0,50,0.17764171727890896,17.764171727890897
2021-11-12,1099131551197.75,4530,4530,168545139456.0,50,0.15334391890791627,15.334391890791627
2021-11-15,1158104960020.25,4532,4532,180524899072.0,50,0.15587956645038756,15.587956645038755
2021-11-16,1113693677692.5,4535,4535,172531421696.0,50,0.15491820161309863,15.491820161309864
2021-11-17,1037060611564.0,4536,4536,166280660992.0,50,0.16033842105065654,16.033842105065656
2021-11-18,1124329697339.0,4542,4542,184151688448.0,50,0.16378797863637312,16.378797863637313
2021-11-19,1113140076176.75,4544,4544,179740659712.0,50,0.16147173528182257,16.147173528182257
2021-11-22,1254712018710.0,4547,4547,215251146752.0,50,0.17155422403086962,17.155422403086963
2021-11-23,1228346149633.5,4548,4548,199837599488.0,50,0.16268834281576514,16.268834281576513
2021-11-24,1202312390745.125,4547,4547,204474452992.0,50,0.17006765842717328,17.00676584271733
2021-11-25,1113131746614.375,4548,4548,174876507392.0,50,0.15710315326455504,15.710315326455504
2021-11-26,1101539628342.6875,4549,4549,170250849280.0,50,0.15455717152559417,15.455717152559417
2021-11-29,1177556713059.0,4550,4550,190364792064.0,50,0.161660826992765,16.166082699276497
2021-11-30,1220698328712.5,4551,4551,183377650944.0,50,0.15022356189953404,15.022356189953404
2021-12-01,1146338026832.75,4552,4552,173119662080.0,50,0.15101973242422853,15.101973242422853
2021-12-02,1153205880599.5,4554,4554,180628847104.0,50,0.15663191641903454,15.663191641903454
2021-12-03,1135232383846.25,4554,4554,193569164544.0,50,0.17051060848720115,17.051060848720116
2021-12-06,1203531861412.25,4559,4559,208372575488.0,50,0.17313424111887754,17.313424111887755
2021-12-07,1199783702765.25,4561,4561,217657542912.0,50,0.18141398521278876,18.141398521278877
2021-12-08,1101600742516.125,4562,4562,201140463616.0,50,0.18258925929605185,18.258925929605184
2021-12-09,1264012320938.5,4564,4564,234161866752.0,50,0.18525283565126976,18.525283565126976
2021-12-10,1235417625236.125,4567,4567,227761927424.0,50,0.1843602703826311,18.43602703826311
2021-12-13,1270681969211.25,4567,4567,237282785536.0,50,0.18673656452628226,18.673656452628226
2021-12-14,1141075941526.25,4567,4567,173660605184.0,50,0.1521902257896347,15.21902257896347
2021-12-15,1136055215499.75,4568,4568,172259932416.0,50,0.15162989445035288,15.162989445035288
2021-12-16,1113716988964.25,4570,4570,171872264064.0,50,0.15432310521171105,15.432310521171106
2021-12-17,1159375004493.5,4570,4570,180588724608.0,50,0.15576385889645292,15.576385889645291
2021-12-20,1158239431051.25,4573,4573,193403196160.0,50,0.166980324598742,16.698032459874202
2021-12-21,1000275546347.5,4572,4572,144957772928.0,50,0.14491784134612948,14.491784134612947
2021-12-22,1062399717191.75,4576,4576,147872167552.0,50,0.1391869417500145,13.91869417500145
2021-12-23,1077243583175.75,4583,4583,164913525376.0,50,0.1530884267510134,15.308842675101339
2021-12-24,1131713194987.5,4586,4586,188918777088.0,50,0.16693167308178875,16.693167308178875
2021-12-27,974650575281.0,4587,4587,150718051840.0,50,0.15463803712068472,15.463803712068472
2021-12-28,1002559145304.0,4590,4590,166885341696.0,50,0.16645934803716378,16.64593480371638
2021-12-29,997260904664.5,4591,4591,165610019456.0,50,0.16606488701340877,16.606488701340876
2021-12-30,1018003553891.25,4593,4593,157057460352.0,50,0.15427987432033852,15.427987432033852
2021-12-31,1060274495528.875,4592,4592,165272975744.0,50,0.15587753590315334,15.587753590315334
2022-01-04,1266304792481.25,4593,4593,195836720640.0,50,0.15465211993415062,15.465211993415062
2022-01-05,1305146021815.75,4594,4594,213989322496.0,50,0.16395814638295644,16.395814638295644
2022-01-06,1136678096629.5,4596,4596,179039998464.0,50,0.15751161124234986,15.751161124234986
2022-01-07,1207221894728.5,4599,4599,181017821440.0,50,0.14994577403743184,14.994577403743184
2022-01-10,1051305853214.0,4598,4598,159310482944.0,50,0.1515358089722072,15.15358089722072
2022-01-11,1055645152949.5,4601,4601,149296303360.0,50,0.1414265986471517,14.14265986471517
2022-01-12,1061053587383.75,4603,4603,161872505216.0,50,0.15255827522823856,15.255827522823855
2022-01-13,1093506944096.0,4604,4604,160774761984.0,50,0.1470267407555534,14.702674075555338
2022-01-14,1106913738667.5,4604,4604,151424808320.0,50,0.13679910460076575,13.679910460076576
2022-01-17,1119594460378.0,4605,4605,157062273664.0,50,0.14028496855099862,14.028496855099862
2022-01-18,1195891895066.5,4609,4609,163973005824.0,50,0.13711356896091512,13.711356896091512
2022-01-19,1065258400418.0,4608,4608,158251957376.0,50,0.14855734281363378,14.855734281363379
2022-01-20,1128946253514.0,4609,4609,172412500736.0,50,0.15271984844215786,15.271984844215785
2022-01-21,984338880334.0,4610,4610,152902655616.0,50,0.1553353816158496,15.533538161584959
2022-01-24,864081576786.75,4613,4613,143648563584.0,50,0.1662442151795253,16.62442151795253
2022-01-25,936702223585.5,4613,4613,137156867840.0,50,0.14642526129060762,14.642526129060762
2022-01-26,794092072573.25,4614,4614,133672931328.0,50,0.16833429767764055,16.833429767764056
2022-01-27,822864137535.5,4620,4620,147969126528.0,50,0.17982206269332807,17.982206269332806
2022-01-28,818669851283.0,4625,4625,155670619776.0,50,0.19015066883437406,19.015066883437406
2022-02-07,822980971117.625,4625,4625,147532559104.0,50,0.17926606359275568,17.926606359275567
2022-02-08,878632489881.75,4624,4624,155323864192.0,50,0.1767791038695873,17.677910386958732
2022-02-09,931600304746.0,4626,4626,152767235840.0,50,0.1639836688134745,16.39836688134745
2022-02-10,936202644699.5,4629,4629,171591990016.0,50,0.1832850942982298,18.32850942982298
2022-02-11,991398843325.875,4629,4629,178547231744.0,50,0.18009626796115913,18.009626796115914
2022-02-14,862289759152.75,4630,4630,159015728768.0,50,0.1844110139081812,18.441101390818122
2022-02-15,827376902772.0,4632,4632,150787673856.0,50,0.18224786472864896,18.224786472864896
2022-02-16,806919980883.75,4634,4634,133288042624.0,50,0.16518123950533617,16.518123950533617
2022-02-17,908709876080.25,4634,4634,161648702976.0,50,0.17788813264941833,17.788813264941833
2022-02-18,807403738007.0,4637,4637,130880490112.0,50,0.16210042628123836,16.210042628123837
2022-02-21,900258012166.75,4637,4637,144814709632.0,50,0.16085911780274914,16.085911780274913
2022-02-22,978093517447.25,4638,4638,169127537792.0,50,0.17291550835896558,17.291550835896558
2022-02-23,1040780312918.75,4639,4639,171179323904.0,50,0.1644721001917754,16.44721001917754
2022-02-24,1362578883610.5,4640,4640,207909111552.0,50,0.15258500924444962,15.258500924444963
2022-02-25,1018578525977.5,4640,4640,166690982400.0,50,0.1636505955591706,16.36505955591706
2022-02-28,948882461655.75,4641,4641,157134250368.0,50,0.16559927780076047,16.55992778007605
2022-03-01,968808749144.75,4642,4642,174334313984.0,50,0.17994708877051302,17.994708877051302
2022-03-02,897850244635.5,4641,4641,143346264064.0,50,0.15965498135181133,15.965498135181132
2022-03-03,1010071019984.5,4641,4641,157265030016.0,50,0.15569700239336964,15.569700239336964
2022-03-04,1006139488065.5,4642,4642,157512826624.0,50,0.1565516794563438,15.65516794563438
2022-03-07,1024399520251.0,4643,4643,170354535680.0,50,0.16629696940726746,16.629696940726745
2022-03-08,1109771244008.0,4641,4641,189131218432.0,50,0.17042360707504203,17.042360707504205
2022-03-09,1161540896636.5,4640,4640,182560155648.0,50,0.15717066542955443,15.717066542955443
2022-03-10,1078580419464.5,4642,4642,187167380096.0,50,0.17353122374400787,17.353122374400787
2022-03-11,1050029484169.75,4645,4645,179694547200.0,50,0.1711328585616651,17.11328585616651
2022-03-14,969680973288.0,4650,4650,166033922816.0,50,0.17122530748748344,17.122530748748343
2022-03-15,1123857584761.0,4654,4654,195916800512.0,50,0.1743252910053223,17.43252910053223
2022-03-16,1191753583720.25,4655,4655,223375640064.0,50,0.18743441858735352,18.743441858735352
2022-03-17,1275231676221.0,4657,4657,239505473792.0,50,0.18781330346321579,18.781330346321578
2022-03-18,990249861263.75,4659,4659,173810436096.0,50,0.17552179797751682,17.552179797751684
2022-03-21,1015009303993.5,4660,4660,170131393792.0,50,0.16761560029314718,16.76156002931472
2022-03-22,962690861893.25,4666,4666,154781672576.0,50,0.16078024493927656,16.078024493927657
2022-03-23,942763138027.75,4669,4669,153804672640.0,50,0.16314243359340255,16.314243359340256
2022-03-24,920007221375.25,4668,4668,157183742848.0,50,0.1708505533391768,17.08505533391768
2022-03-25,918161056613.25,4668,4668,157426225408.0,50,0.1714581818452266,17.14581818452266
2022-03-28,870222972334.75,4670,4670,143107336192.0,50,0.16444904437313645,16.444904437313646
2022-03-29,863794487686.5,4673,4673,146164937088.0,50,0.169212630054486,16.9212630054486
2022-03-30,958108752080.25,4674,4674,172001285504.0,50,0.17952167238901642,17.95216723890164
2022-03-31,1008828273751.5,4670,4670,172432077696.0,50,0.1709231215881588,17.09231215881588
2022-04-01,935299315687.25,4670,4670,164843787520.0,50,0.17624709518671483,17.624709518671484
2022-04-06,965758299558.0,4669,4669,156523861504.0,50,0.16207353493688484,16.207353493688483
2022-04-07,922776589903.0,4670,4670,143733964672.0,50,0.15576247408607208,15.576247408607207
2022-04-08,926230109084.5,4671,4671,144976676480.0,50,0.15652338987694664,15.652338987694664
2022-04-11,963475493237.0,4671,4671,159558804864.0,50,0.16560753852485485,16.560753852485487
2022-04-12,916137904484.0,4676,4676,146963275392.0,50,0.1604161062135888,16.041610621358878
2022-04-13,873142796576.25,4680,4680,136702542080.0,50,0.15656378614819394,15.656378614819394
2022-04-14,869792968406.0,4681,4681,149992582144.0,50,0.1724463034219274,17.24463034219274
2022-04-15,910898529615.5,4678,4678,152885380224.0,50,0.16784018774136628,16.784018774136626
2022-04-18,778119262792.75,4675,4675,132664598656.0,50,0.17049391397901284,17.049391397901285
2022-04-19,779207067977.25,4681,4681,133345505792.0,50,0.17112974364844083,17.11297436484408
2022-04-20,820434288583.25,4684,4684,136099501952.0,50,0.16588714519357864,16.588714519357865
2022-04-21,856149553633.75,4689,4689,146879108736.0,50,0.17155777061682967,17.15577706168297
2022-04-22,753098698270.5,4692,4692,123010089216.0,50,0.16333860289294633,16.333860289294634
2022-04-25,896578451374.25,4693,4693,156661236736.0,50,0.17473232431124583,17.473232431124583
2022-04-26,838595426708.0,4691,4691,143651574144.0,50,0.17130021172178375,17.130021172178374
2022-04-27,917467828301.0,4687,4687,164376094208.0,50,0.17916278820631518,17.91627882063152
2022-04-28,840490554983.5,4680,4680,160689861888.0,50,0.19118580326123305,19.118580326123304
2022-04-29,964909430529.25,4680,4680,182077362176.0,50,0.18869891454592905,18.869891454592906
2022-05-05,900610620678.375,4627,4627,168678703744.0,50,0.18729370925799724,18.729370925799724
2022-05-06,759596471284.875,4662,4662,135665790976.0,50,0.17860245025430171,17.86024502543017
2022-05-09,671319006884.5,4661,4661,119855901696.0,50,0.1785379237990518,17.85379237990518
2022-05-10,846720912115.75,4664,4664,145753542912.0,50,0.17213882499700792,17.21388249970079
2022-05-11,1077976538023.0,4664,4664,197358787456.0,50,0.18308263723248966,18.308263723248967
2022-05-12,821181853707.25,4665,4665,149172593408.0,50,0.1816559788000135,18.16559788000135
2022-05-13,756996584347.5,4667,4667,135987472512.0,50,0.1796408006638704,17.96408006638704
2022-05-16,786065497368.75,4666,4666,130408712192.0,50,0.16590056760985677,16.59005676098568
2022-05-17,789939478451.5,4668,4668,142740788992.0,50,0.18069838625081944,18.069838625081942
2022-05-18,770288554124.75,4667,4667,130156449664.0,50,0.16897102906052122,16.897102906052123
2022-05-19,806502554885.5,4665,4665,139537267968.0,50,0.1730152832408699,17.30152832408699
2022-05-20,920441640351.5,4670,4670,163796184064.0,50,0.17795390482491558,17.79539048249156
2022-05-23,859431391081.75,4669,4669,150085346304.0,50,0.1746333073953587,17.46333073953587
2022-05-24,990308605226.0,4670,4670,162360474880.0,50,0.1639493729764647,16.394937297646468
2022-05-25,762011225802.5,4674,4674,129913042944.0,50,0.17048704604998982,17.04870460499898
2022-05-26,822857903408.75,4680,4680,130546248832.0,50,0.1586498085407,15.864980854069998
2022-05-27,815658870743.0,4679,4679,136545439616.0,50,0.16740508135664364,16.740508135664363
2022-05-30,810924147911.5,4682,4682,137383663232.0,50,0.16941616991653988,16.941616991653987
2022-05-31,935053443611.5,4688,4688,152757370112.0,50,0.1633675285147319,16.33675285147319
2022-06-01,885057650455.25,4689,4689,139291527296.0,50,0.1573813041719397,15.738130417193972
2022-06-02,891283887546.25,4689,4689,136316437120.0,50,0.15294390376032277,15.294390376032277
2022-06-06,1112373541423.0,4703,4703,195560445184.0,50,0.1758046536542302,17.58046536542302
2022-06-07,1038787015050.75,4705,4705,174495360128.0,50,0.167979920426205,16.7979920426205
2022-06-08,1101066615293.0,4709,4709,205577131520.0,50,0.18670726063680967,18.670726063680966
2022-06-09,976715701625.125,4708,4708,161703855360.0,50,0.1655587752822508,16.55587752822508
2022-06-10,1050288958556.375,4713,4713,183292630784.0,50,0.17451638360164826,17.451638360164825
2022-06-13,1090779349390.0,4717,4717,199103551232.0,50,0.18253329726433243,18.253329726433243
2022-06-14,1099290688873.75,4715,4715,198044801792.0,50,0.18015689916822794,18.015689916822794
2022-06-15,1298519169633.0,4717,4717,256761243648.0,50,0.1977338876872864,19.77338876872864
2022-06-16,1080507393004.0,4713,4713,189057224704.0,50,0.1749707831043967,17.49707831043967
2022-06-17,1093042868557.0,4710,4710,200441612800.0,50,0.1833794616533353,18.33794616533353
2022-06-20,1164179494337.125,4712,4712,196326956800.0,50,0.16863976539269582,16.863976539269583
2022-06-21,1079914311177.5,4714,4714,175736843264.0,50,0.16273221073659336,16.273221073659336
2022-06-22,996363890577.25,4710,4710,174344761344.0,50,0.17498101144853032,17.49810114485303
2022-06-23,1075758486742.375,4713,4713,197108947584.0,50,0.18322788061927145,18.322788061927145
2022-06-24,1160168604372.0,4711,4711,206565249536.0,50,0.1780476120087855,17.80476120087855
2022-06-27,1228508198872.0,4710,4710,222447483904.0,50,0.18107122452112923,18.10712245211292
2022-06-28,1221091730731.75,4708,4708,214548469248.0,50,0.17570217195675375,17.570217195675376
2022-06-29,1315906320521.5,4707,4707,227430118144.0,50,0.17283154172697365,17.283154172697365
2022-06-30,1159462826764.25,4708,4708,207564122368.0,50,0.1790174877337429,17.90174877337429
2022-07-01,1051150606725.25,4713,4713,199460519680.0,50,0.1897544637313186,18.97544637313186
2022-07-04,1130339723670.0,4707,4707,215078508544.0,50,0.1902777581289284,19.027775812892838
2022-07-05,1180812639867.5,4711,4711,219012412160.0,50,0.18547600590096627,18.54760059009663
2022-07-06,1086428187930.0,4715,4715,199955643136.0,50,0.18404865168031098,18.404865168031098
2022-07-07,1052874288573.75,4716,4716,212097751808.0,50,0.201446415882482,20.1446415882482
2022-07-08,1029230793317.75,4719,4719,198512102400.0,50,0.1928742354861843,19.287423548618428
2022-07-11,1008598306751.0,4718,4718,187120117248.0,50,0.18552491710081337,18.552491710081338
2022-07-12,976612731977.5,4717,4717,188008005888.0,50,0.19251029577231796,19.251029577231797
2022-07-13,942139287351.25,4717,4717,181526070144.0,50,0.19267434505819853,19.267434505819853
2022-07-14,1027597486015.75,4721,4721,183939074176.0,50,0.17899914770050418,17.89991477005042
2022-07-15,1087716915736.0,4725,4725,186988663552.0,50,0.17190930916568006,17.190930916568007
2022-07-18,1021159265677.0,4727,4727,166904103424.0,50,0.1634457121762953,16.34457121762953
2022-07-19,996636389620.0,4726,4726,152697800704.0,50,0.1532131500458467,15.32131500458467
2022-07-20,952423869245.75,4726,4726,134847138176.0,50,0.14158311496622725,14.158311496622725
2022-07-21,1018056429741.1875,4726,4726,152777505280.0,50,0.15006781629859106,15.006781629859105
2022-07-22,941231258424.75,4728,4728,148854926976.0,50,0.1581491537213973,15.81491537213973
2022-07-25,861978437902.5,4726,4726,131496839040.0,50,0.15255235311915524,15.255235311915524
2022-07-26,833968135606.5,4730,4730,136405840640.0,50,0.1635624130180938,16.35624130180938
2022-07-27,867897105575.75,4731,4731,135460700928.0,50,0.1560792172917058,15.60792172917058
2022-07-28,1007195288127.75,4732,4732,153009398784.0,50,0.15191631711107914,15.191631711107915
2022-07-29,1014428894071.0,4734,4734,149598440448.0,50,0.14747060274244278,14.747060274244278
2022-08-01,993643656283.5,4736,4736,155701871232.0,50,0.15669789692450484,15.669789692450484
2022-08-02,1180680709598.0,4740,4740,167638864256.0,50,0.14198492690972986,14.198492690972985
2022-08-03,1114941012906.5,4741,4741,175643063936.0,50,0.15753574575046114,15.753574575046114
2022-08-04,899180510844.25,4742,4742,143535569024.0,50,0.15962931501844158,15.962931501844157
2022-08-05,995319336114.5,4746,4746,156248429056.0,50,0.1569832147197685,15.69832147197685
2022-08-08,952424193150.375,4750,4750,148773867776.0,50,0.15620546899789914,15.620546899789915
2022-08-09,952773938752.5,4751,4751,147323786496.0,50,0.15462617154379363,15.462617154379362
2022-08-10,966032020781.1875,4751,4751,149095088896.0,50,0.15433762617457894,15.433762617457894
2022-08-11,1066365684187.25,4751,4751,167454888192.0,50,0.15703326792593555,15.703326792593556
2022-08-12,999346518756.5,4754,4754,142040533504.0,50,0.1421334150247933,14.213341502479329
2022-08-15,976108869196.75,4752,4752,154811245440.0,50,0.15860038805650414,15.860038805650415
2022-08-16,1020053117170.375,4758,4758,155438588800.0,50,0.15238283789689921,15.238283789689921
2022-08-17,1074297384562.25,4759,4759,165976967680.0,50,0.15449815857797286,15.449815857797287
2022-08-18,1053924103950.0,4766,4766,150122161536.0,50,0.14244115014862782,14.244115014862782
2022-08-19,1119871612519.5,4769,4769,169117571328.0,50,0.15101514266221763,15.101514266221763
2022-08-22,1026121531448.75,4769,4769,171104402688.0,50,0.16674867200810303,16.674867200810304
2022-08-23,1001996054542.25,4770,4770,152866877952.0,50,0.1525623551699866,15.25623551699866
2022-08-24,1125674981924.5,4770,4770,166805550720.0,50,0.1481826934048249,14.81826934048249
2022-08-25,986164374094.0,4774,4774,153007440512.0,50,0.15515409452158482,15.515409452158483
2022-08-26,928932128543.0,4776,4776,145361130752.0,50,0.15648197137932374,15.648197137932375
2022-08-29,845577306893.5,4780,4780,122536774784.0,50,0.1449149282803937,14.491492828039371
2022-08-30,838260139555.75,4780,4780,122580151936.0,50,0.1462316363998453,14.62316363998453
2022-08-31,1001999462725.5,4786,4786,173562766208.0,50,0.17321642641992904,17.321642641992906
2022-09-01,794525593171.0,4784,4784,121144705792.0,50,0.15247426493651905,15.247426493651906
2022-09-02,746480326767.25,4789,4789,104175940480.0,50,0.13955617682672258,13.955617682672258
2022-09-05,769421452938.75,4790,4790,114151579776.0,50,0.14836027685477995,14.836027685477996
2022-09-06,868871488402.5,4789,4789,135439950080.0,50,0.15588030207898615,15.588030207898615
2022-09-07,871682661850.25,4789,4789,128011679616.0,50,0.1468558286386929,14.68558286386929
2022-09-08,788021753037.0,4793,4793,109652173440.0,50,0.13914866311419133,13.914866311419132
2022-09-09,779371382974.5,4798,4798,125747758848.0,50,0.16134510657560838,16.13451065756084
2022-09-13,771119928387.5,4798,4798,119426625664.0,50,0.15487425660718526,15.487425660718527
2022-09-14,722423696950.25,4799,4799,105108962176.0,50,0.1454948981044269,14.54948981044269
2022-09-15,918822980865.5,4797,4797,142159654528.0,50,0.15471930664390918,15.471930664390918
2022-09-16,798919949158.5,4798,4798,125901681408.0,50,0.15758985808354375,15.758985808354375
2022-09-19,665180455719.5,4803,4803,97957801984.0,50,0.14726500326598266,14.726500326598266
2022-09-20,650763087720.25,4805,4805,106996084608.0,50,0.1644163392592351,16.44163392592351
2022-09-21,635810881248.5,4811,4811,98295284608.0,50,0.15459830510447387,15.459830510447386
2022-09-22,638295777414.75,4810,4810,101980134400.0,50,0.15976940159786712,15.976940159786713
2022-09-23,667166657591.25,4812,4812,96119713280.0,50,0.14407151824258166,14.407151824258166
2022-09-26,667258407931.5,4816,4816,106861876608.0,50,0.16015066327792205,16.015066327792205
2022-09-27,665893969445.5,4818,4818,101656900096.0,50,0.15266229273806345,15.266229273806346
2022-09-28,647004956073.25,4821,4821,97669454976.0,50,0.1509562702096867,15.095627020968669
2022-09-29,624366884050.0,4822,4822,94117471104.0,50,0.15074065186401361,15.074065186401361
2022-09-30,560653813310.75,4823,4823,89392482304.0,50,0.15944327886779752,15.944327886779753
2022-10-10,627727652230.75,4826,4826,105516454784.0,50,0.16809273003830108,16.809273003830107
2022-10-11,563650081141.25,4827,4827,92492678784.0,50,0.16409592028573033,16.409592028573034
2022-10-12,709956057998.75,4829,4829,118233001600.0,50,0.16653566128202285,16.653566128202286
2022-10-13,728164251070.0,4830,4830,109193189120.0,50,0.14995681119959708,14.995681119959709
2022-10-14,860556113924.0,4832,4832,144695099008.0,50,0.16814138748978633,16.814138748978632
2022-10-17,807162554232.0,4829,4829,123130165888.0,50,0.15254692532801653,15.254692532801654
2022-10-18,793630194917.5,4831,4831,110004649472.0,50,0.1386094558605287,13.86094558605287
2022-10-19,758227227084.5,4837,4837,117027638272.0,50,0.1543437561876922,15.43437561876922
2022-10-20,796036547694.5,4837,4837,118165923712.0,50,0.14844283727202598,14.844283727202598
2022-10-21,712175721491.5,4838,4838,101762236416.0,50,0.14288922430952958,14.288922430952958
2022-10-24,880696552969.0,4838,4838,144176944896.0,50,0.16370785648013653,16.37078564801365
2022-10-25,802659862693.625,4839,4839,123718135552.0,50,0.15413519636676185,15.413519636676185
2022-10-26,914021208252.625,4841,4841,130203712896.0,50,0.14245152270034983,14.245152270034984
2022-10-27,923713608438.5,4842,4842,151857451264.0,50,0.16439884600239765,16.439884600239765
2022-10-28,909403167088.625,4845,4845,138356035200.0,50,0.15213938130756108,15.213938130756107
2022-10-31,882740596755.625,4846,4846,131721370240.0,50,0.14921866143249932,14.921866143249932
2022-11-01,977291788474.5,4849,4849,166135782784.0,50,0.16999608995316437,16.999608995316436
2022-11-02,1051926827017.0,4848,4848,167397205248.0,50,0.15913388740421838,15.913388740421839
2022-11-03,886404910514.875,4849,4849,135570974976.0,50,0.15294474722308632,15.294474722308632
2022-11-04,1080407724646.25,4851,4851,181645899904.0,50,0.1681271762134753,16.81271762134753
2022-11-07,1006019173117.25,4854,4854,152910482432.0,50,0.1519955946348336,15.199559463483359
2022-11-08,835629683868.125,4853,4853,121252301568.0,50,0.1451029132985365,14.51029132985365
2022-11-09,778541264575.5,4854,4854,110886830464.0,50,0.1424289700616718,14.24289700616718
2022-11-10,842696351400.5,4858,4858,117000440960.0,50,0.13884056904429903,13.884056904429903
2022-11-11,1222868690376.0,4860,4860,198376172800.0,50,0.16222197392183174,16.222197392183173
2022-11-14,1067057284564.5,4859,4859,176538222080.0,50,0.16544399690036404,16.544399690036403
2022-11-15,1058396090561.75,4859,4859,164955405824.0,50,0.15585413371703682,15.585413371703682
2022-11-16,942518212022.5,4862,4862,139640804480.0,50,0.14815714189792914,14.815714189792914
2022-11-17,912792490672.0,4861,4861,135315540352.0,50,0.14824348549622748,14.824348549622748
2022-11-18,978600407620.75,4863,4863,143103176320.0,50,0.1462324920423073,14.62324920423073
2022-11-21,849195381846.0,4865,4865,122748840576.0,50,0.14454723047264553,14.454723047264553
2022-11-22,884486165112.25,4869,4869,124215014272.0,50,0.14043748695180086,14.043748695180087
2022-11-23,830358906341.5,4870,4870,119805268224.0,50,0.14428130692528265,14.428130692528265
2022-11-24,748023622576.75,4872,4872,110052032128.0,50,0.147123738885276,14.7123738885276
2022-11-25,739795672990.5,4873,4873,113443544320.0,50,0.15334442801135006,15.334442801135006
2022-11-28,758248241242.25,4874,4874,119248572800.0,50,0.1572685122284401,15.72685122284401
2022-11-29,967874095668.875,4876,4876,171491252736.0,50,0.17718343067905587,17.718343067905586
2022-11-30,931192778935.25,4877,4877,145880860416.0,50,0.15666021442176986,15.666021442176985
2022-12-01,1058155169613.25,4878,4878,175553098112.0,50,0.1659048721334166,16.59048721334166
2022-12-02,864331819668.875,4878,4878,119116635264.0,50,0.13781354863185935,13.781354863185935
2022-12-05,1054893433362.25,4876,4876,162596702336.0,50,0.15413566640353174,15.413566640353174
2022-12-06,997994612652.0,4876,4876,162438978560.0,50,0.16276538620619022,16.27653862061902
2022-12-07,948472024484.0,4876,4876,151673253760.0,50,0.15991326032258593,15.991326032258593
2022-12-08,869679225984.0,4879,4879,126560568960.0,50,0.14552557446316236,14.552557446316236
2022-12-09,1008961128099.0,4879,4879,153228711040.0,50,0.151867804192517,15.1867804192517
2022-12-12,909634300707.375,4884,4884,129985919104.0,50,0.14289909582665997,14.289909582665997
2022-12-13,816286115896.75,4884,4884,113773506432.0,50,0.13937944578049263,13.937944578049263
2022-12-14,810730213541.75,4883,4883,127911278592.0,50,0.15777292674613388,15.777292674613388
2022-12-15,766154331213.3125,4885,4885,117120109952.0,50,0.15286751660925016,15.286751660925017
2022-12-16,761205249808.125,4888,4888,111121354496.0,50,0.14598080415763037,14.598080415763038
2022-12-19,756664865870.75,4884,4884,123957588864.0,50,0.16382099190155058,16.38209919015506
2022-12-20,639697427311.5,4884,4884,116136427776.0,50,0.1815489992887645,18.15489992887645
2022-12-21,574616657931.625,4880,4880,92927796736.0,50,0.16172137624847224,16.172137624847224
2022-12-22,657330910972.125,4888,4888,109537869312.0,50,0.16664037470869084,16.664037470869083
2022-12-23,585124417388.5625,4891,4891,94822369792.0,50,0.16205505525678907,16.205505525678905
2022-12-26,624177485191.875,4891,4891,100401133440.0,50,0.16085350052178865,16.085350052178864
2022-12-27,668523571928.0,4895,4895,100334088960.0,50,0.1500830982977007,15.00830982977007
2022-12-28,650690016833.875,4895,4895,106526127488.0,50,0.16371255856411387,16.371255856411388
2022-12-29,614644742388.25,4898,4898,93058654848.0,50,0.15140234420034793,15.140234420034792
2022-12-30,603931596342.125,4899,4899,92691612032.0,50,0.1534803156407312,15.34803156407312
2023-01-03,788705472664.5,4900,4900,109237431424.0,50,0.1385021851756156,13.85021851756156
2023-01-04,783589239651.25,4902,4902,117987266944.0,50,0.15057285242522253,15.057285242522253
2023-01-05,842592221503.25,4902,4902,151588673408.0,50,0.1799075158058711,17.990751580587112
2023-01-06,837910904052.5,4902,4902,134229957888.0,50,0.16019597935628455,16.019597935628454
2023-01-09,807000592491.0,4899,4899,127691974400.0,50,0.15823033537788148,15.823033537788147
2023-01-10,747031251194.5,4903,4903,129036566272.0,50,0.17273248751731743,17.273248751731742
2023-01-11,741584806060.25,4903,4903,120193945472.0,50,0.16207714140010962,16.20771414001096
2023-01-12,681236762040.25,4899,4899,114711773056.0,50,0.16838752611125588,16.83875261112559
2023-01-13,702166675624.375,4900,4900,122987493504.0,50,0.17515427287208987,17.515427287208986
2023-01-16,916882218736.5,4901,4901,168376540672.0,50,0.1836403163145966,18.36403163145966
2023-01-17,706995901589.75,4899,4899,114506713344.0,50,0.16196234389268788,16.19623438926879
2023-01-18,635530704356.75,4900,4900,98303412224.0,50,0.15467924924807122,15.467924924807122
2023-01-19,686727075549.75,4900,4900,109786949120.0,50,0.15986984207971056,15.986984207971055
2023-01-20,748858740535.0,4901,4901,127014804480.0,50,0.16961116643875723,16.961116643875723
2023-01-30,1061768832407.0,4900,4900,180574037376.0,50,0.17006906952301826,17.006906952301826
2023-01-31,899889309190.5,4899,4899,141610934272.0,50,0.15736483679241264,15.736483679241264
2023-02-01,1004366501848.0,4901,4901,146135546880.0,50,0.14550021990091824,14.550021990091825
2023-02-02,1024063499502.0,4904,4904,144123393280.0,50,0.14073677398919784,14.073677398919784
2023-02-03,914480000718.75,4901,4901,132373828864.0,50,0.14475311516923137,14.475311516923137
2023-02-06,874530531230.0,4902,4902,134429403264.0,50,0.1537160778994522,15.371607789945221
2023-02-07,845555061091.0,4904,4904,108297115904.0,50,0.12807813575648966,12.807813575648966
2023-02-08,804710172796.75,4904,4904,107526029056.0,50,0.1336208149106603,13.36208149106603
2023-02-09,900897824955.0,4907,4907,123456654080.0,50,0.13703735391543062,13.703735391543063
2023-02-10,893076893737.5,4908,4908,121199977472.0,50,0.13571057354846763,13.571057354846763
2023-02-13,981498500452.0,4909,4909,142199380480.0,50,0.14487987542977834,14.487987542977834
2023-02-14,922004486544.375,4909,4909,138404428032.0,50,0.15011253204497152,15.011253204497152
2023-02-15,941840636951.0,4910,4910,140071752832.0,50,0.1487212882271158,14.87212882271158
2023-02-16,1196317542992.0,4914,4914,171230666880.0,50,0.14313145191514176,14.313145191514176
2023-02-17,916553055478.5,4915,4915,143977276928.0,50,0.15708558939104136,15.708558939104137
2023-02-20,951991768348.3125,4918,4918,159511812352.0,50,0.16755587354368615,16.755587354368615
2023-02-21,924455833015.9062,4918,4918,148818816896.0,50,0.16097991010614285,16.097991010614283
2023-02-22,785275164878.0,4919,4919,123948312448.0,50,0.15784061179020803,15.784061179020803
2023-02-23,809823851578.5,4918,4918,131016625152.0,50,0.16178410267445667,16.178410267445667
2023-02-24,727718095391.7969,4917,4917,123353315072.0,50,0.16950700532681914,16.950700532681914
2023-02-27,755201390304.8125,4917,4917,114672391296.0,50,0.15184345893446544,15.184345893446544
2023-02-28,758795187760.75,4918,4918,121611508608.0,50,0.16026921436716388,16.02692143671639
2023-03-01,921393785901.7812,4920,4920,163398384640.0,50,0.17733827505693417,17.733827505693416
2023-03-02,936230312696.875,4922,4922,147301720960.0,50,0.15733491958371587,15.733491958371587
2023-03-03,871564764987.0,4923,4923,138711131264.0,50,0.15915183453529008,15.915183453529009
2023-03-06,955148181631.5,4924,4924,160646344320.0,50,0.16818997032020525,16.818997032020526
2023-03-07,935792156932.75,4925,4925,145632354560.0,50,0.15562467956275655,15.562467956275656
2023-03-08,722119787683.25,4925,4925,118916188800.0,50,0.16467654096768955,16.467654096768953
2023-03-09,758986800368.5,4926,4926,123439348352.0,50,0.1626370159429232,16.26370159429232
2023-03-10,814693008426.625,4927,4927,135451424768.0,50,0.1662606937422851,16.62606937422851
2023-03-13,841849037391.0,4931,4931,146676975360.0,50,0.1742319214553848,17.42319214553848
2023-03-14,934310677797.0,4932,4932,161960791040.0,50,0.17334789689216162,17.334789689216162
2023-03-15,819707258665.75,4933,4933,131321737344.0,50,0.16020565385471197,16.020565385471198
2023-03-16,847465482795.25,4933,4933,144139914752.0,50,0.17008352278440184,17.008352278440185
2023-03-17,974544135909.25,4933,4933,174085872512.0,50,0.17863313327474678,17.86331332747468
2023-03-20,1058720137238.0,4933,4933,185088693504.0,50,0.1748230594601339,17.48230594601339
2023-03-21,895558608390.25,4936,4936,146397428352.0,50,0.16347051659203707,16.347051659203707
2023-03-22,959773887767.5,4935,4935,166191732608.0,50,0.17315717246129023,17.315717246129022
2023-03-23,1022850795845.5,4937,4937,197005790208.0,50,0.1926046213271534,19.26046213271534
2023-03-24,1077252458024.75,4938,4938,202631764992.0,50,0.18810053621371686,18.810053621371686
2023-03-27,1142760852476.5,4940,4940,212985990656.0,50,0.18637844496898348,18.63784449689835
2023-03-28,1006476272925.0,4941,4941,176036527104.0,50,0.17490380234439742,17.490380234439744
2023-03-29,982843965046.75,4944,4944,188836336640.0,50,0.19213256972180504,19.213256972180503
2023-03-30,945609063601.0,4943,4943,186891785472.0,50,0.19764170275641418,19.76417027564142
2023-03-31,954112092839.75,4943,4943,183470041856.0,50,0.19229401160814666,19.229401160814668
2023-04-03,1254100536153.0,4944,4944,252418021888.0,50,0.20127415196097567,20.127415196097566
2023-04-04,1327001509424.75,4949,4949,254459789056.0,50,0.19175546316168648,19.17554631616865
2023-04-06,1195061761611.0,4948,4948,240410488832.0,50,0.20116992824531113,20.116992824531113
2023-04-07,1055308603353.125,4947,4947,194020573440.0,50,0.18385197734911032,18.38519773491103
2023-04-10,1226666087498.0,4957,4957,227825844736.0,50,0.1857276785084119,18.572767850841192
2023-04-11,1084053557769.25,4958,4958,206991998976.0,50,0.1909425945724907,19.09425945724907
2023-04-12,1132750103500.875,4957,4957,216761080320.0,50,0.19135825249547864,19.135825249547864
2023-04-13,1137534975699.375,4958,4958,194845639424.0,50,0.17128760309475824,17.128760309475823
2023-04-14,1115613309576.75,4956,4956,188253025024.0,50,0.16874397554061174,16.874397554061176
2023-04-17,1121520299711.5,4958,4958,179035431168.0,50,0.15963637146296425,15.963637146296424
2023-04-18,1060746426460.0,4964,4964,196394030848.0,50,0.18514701152792984,18.514701152792984
2023-04-19,1083451650055.5,4963,4963,203123949568.0,50,0.18747855481838524,18.747855481838524
2023-04-20,1139675954582.25,4966,4966,218846936320.0,50,0.19202558011344434,19.202558011344433
2023-04-21,1219109223651.0,4965,4965,219076342784.0,50,0.17970198119567013,17.970198119567012
2023-04-24,1084193033059.0,4965,4965,204549230848.0,50,0.18866495597271446,18.866495597271445
2023-04-25,1134511572174.0,4965,4965,212833371904.0,50,0.1875991194132639,18.75991194132639
2023-04-26,1123779766660.25,4957,4957,221170196224.0,50,0.1968091994406462,19.68091994406462
2023-04-27,1046010876656.25,4953,4953,204491414784.0,50,0.19549645165993995,19.549645165993994
2023-04-28,1118103390852.0,4940,4940,213301061120.0,50,0.19077042683634435,19.077042683634435
2023-05-04,1172591099760.5,4904,4904,212088421376.0,50,0.18087159404443606,18.087159404443607
2023-05-05,1072703453823.875,4944,4944,196369740800.0,50,0.1830606027229605,18.30606027229605
2023-05-08,1138469960954.0,4945,4945,208166833152.0,50,0.18284789260277284,18.284789260277286
2023-05-09,1224160919325.75,4942,4942,235519899392.0,50,0.19239292455253426,19.239292455253427
2023-05-10,1021235525318.25,4944,4944,199551902208.0,50,0.1954024289801446,19.54024289801446
2023-05-11,896514773039.875,4947,4947,161116828416.0,50,0.1797146385772205,17.97146385772205
2023-05-12,848772011042.75,4949,4949,146538145792.0,50,0.17264724082026703,17.264724082026703
2023-05-15,938781427963.0,4949,4949,166889645312.0,50,0.1777726319896665,17.77726319896665
2023-05-16,866709522984.5,4954,4954,147101719552.0,50,0.16972436052791673,16.97243605279167
2023-05-17,781976449303.75,4957,4957,133169803904.0,50,0.17029899560603223,17.029899560603223
2023-05-18,880497650493.125,4959,4959,157739576320.0,50,0.1791482080976111,17.91482080976111
2023-05-19,848377406687.25,4962,4962,147144636032.0,50,0.1734424265334592,17.34424265334592
2023-05-22,795831402739.0,4963,4963,127950643584.0,50,0.16077606782496187,16.077606782496186
2023-05-23,766120741720.25,4965,4965,118891971328.0,50,0.1551869892740922,15.518698927409218
2023-05-24,802873720807.625,4967,4967,134338930688.0,50,0.1673226152586811,16.73226152586811
2023-05-25,857142626765.5,4967,4967,156664520320.0,50,0.18277532283184514,18.277532283184513
2023-05-26,820968360695.5,4966,4966,152013465216.0,50,0.18516360982196525,18.516360982196524
2023-05-29,921222381901.5,4962,4962,166164768384.0,50,0.18037421978504084,18.037421978504085
2023-05-30,933653675440.75,4964,4964,183893408512.0,50,0.19696105027936556,19.696105027936557
2023-05-31,938732010512.0,4966,4966,174364031744.0,50,0.18574420579191603,18.574420579191603
2023-06-01,986995146453.0,4967,4967,173601224576.0,50,0.17588863045565825,17.588863045565827
2023-06-02,940895312246.25,4969,4969,156648951552.0,50,0.16648924647952973,16.648924647952974
2023-06-05,873991307845.75,4969,4969,147141793664.0,50,0.16835612933803792,16.83561293380379
2023-06-06,937858649151.625,4970,4970,148053626880.0,50,0.15786347656326188,15.786347656326189
2023-06-07,814686243664.0,4970,4970,138682423424.0,50,0.17022801661690584,17.022801661690583
2023-06-08,859754357654.125,4971,4971,134648594560.0,50,0.15661286664180943,15.661286664180944
2023-06-09,989873126503.0,4975,4975,164841038720.0,50,0.16652744104928524,16.652744104928523
2023-06-12,965629788446.75,4977,4977,157955041024.0,50,0.16357722484729506,16.357722484729507
2023-06-13,942615343920.875,4977,4977,177680112640.0,50,0.18849694500083888,18.84969450008389
2023-06-14,1000809491175.25,4975,4975,187086682624.0,50,0.18693536009965714,18.693536009965715
2023-06-15,1072610780808.5,4978,4978,200458867712.0,50,0.1868887310277643,18.68887310277643
2023-06-16,1068862399352.0,4976,4976,198489203456.0,50,0.18570136209893293,18.570136209893292
2023-06-19,1107235928409.75,4982,4982,206011831552.0,50,0.1860595617122732,18.60595617122732
2023-06-20,1090686845899.75,4984,4984,227163486976.0,50,0.20827562726183244,20.827562726183242
2023-06-21,1022396758855.125,4988,4988,196677186560.0,50,0.1923687500537836,19.23687500537836
2023-06-26,977738519009.0,4988,4988,177005828352.0,50,0.1810359568644249,18.10359568644249
2023-06-27,841416998549.125,4990,4990,142505291648.0,50,0.1693634569942433,16.93634569942433
2023-06-28,888762341203.0,4996,4996,162275885824.0,50,0.1825863656693066,18.25863656693066
2023-06-29,866389639515.5,4997,4997,153580865280.0,50,0.17726535299508553,17.72653529950855
2023-06-30,919897709012.875,5001,5001,151099454208.0,50,0.16425680021547395,16.425680021547397
2023-07-03,1025408182855.375,5001,5001,166411918848.0,50,0.1622884638823591,16.228846388235908
2023-07-04,929744849580.9375,5002,5002,147978872704.0,50,0.15916073401288353,15.916073401288353
2023-07-05,868311194376.7812,5003,5003,137220468352.0,50,0.15803143992688953,15.803143992688954
2023-07-06,820342173626.5938,5001,5001,140155265664.0,50,0.1708497626598878,17.08497626598878
2023-07-07,800166552737.8125,5004,5004,133988448640.0,50,0.16745069908452356,16.745069908452358
2023-07-10,761780780243.6875,5004,5004,119433236224.0,50,0.15678163498138437,15.678163498138437
2023-07-11,773766085423.25,5003,5003,126399175168.0,50,0.16335579647285736,16.335579647285737
2023-07-12,912079678935.75,5005,5005,155845104128.0,50,0.17086786135817225,17.086786135817224
2023-07-13,920914358712.5,5004,5004,157686812928.0,50,0.17122853111819944,17.122853111819943
2023-07-14,923502003519.5,5005,5005,164546203008.0,50,0.17817633571005628,17.81763357100563
2023-07-17,802975942954.375,5008,5008,133158844928.0,50,0.16583167415709996,16.583167415709994
2023-07-18,777854261368.25,5008,5008,127202507776.0,50,0.163530000532812,16.3530000532812
2023-07-19,702757275914.25,5012,5012,110538358272.0,50,0.1572923711507582,15.72923711507582
2023-07-20,785928873745.75,5014,5014,131795849344.0,50,0.16769437254017505,16.769437254017504
2023-07-21,711323373486.375,5014,5014,113482084736.0,50,0.1595365609593225,15.953656095932251
2023-07-24,659097470132.0,5015,5015,113494561792.0,50,0.1721969313116465,17.21969313116465
2023-07-25,948319388900.5,5018,5018,179981953408.0,50,0.1897904392914233,18.979043929142332
2023-07-26,792475204688.375,5021,5021,128116184704.0,50,0.1616658590023383,16.16658590023383
2023-07-27,783739265418.5,5021,5021,124673597440.0,50,0.15907534934265027,15.907534934265028
2023-07-28,952801052777.625,5023,5023,187117842560.0,50,0.19638710727125067,19.638710727125066
2023-07-31,1108208519189.75,5023,5023,207667597568.0,50,0.18739036379167437,18.739036379167437
2023-08-01,958937272117.5,5024,5024,176544897024.0,50,0.18410473985869608,18.410473985869608
2023-08-02,837749415635.375,5024,5024,144972327040.0,50,0.1730497501213397,17.30497501213397
2023-08-03,833934618773.25,5027,5027,159191789440.0,50,0.19089241033568946,19.089241033568946
2023-08-04,1050204388462.75,5028,5028,226243132672.0,50,0.2154277159355297,21.54277159355297
2023-08-07,890872401684.5,5029,5029,166561364352.0,50,0.18696433298086076,18.696433298086077
2023-08-08,799402492841.1875,5030,5030,147018986880.0,50,0.183911093843946,18.3911093843946
2023-08-09,737279875437.125,5033,5033,125337926784.0,50,0.17000047195061244,17.000047195061242
2023-08-10,694713841463.375,5035,5035,126619326848.0,50,0.18226112579142462,18.226112579142463
2023-08-11,763809783078.75,5036,5036,132754550144.0,50,0.17380577348576956,17.380577348576956
2023-08-14,742316892867.8125,5035,5035,134049198208.0,50,0.18058217386125242,18.058217386125243
2023-08-15,706810472561.25,5037,5037,127610956032.0,50,0.18054480088499486,18.054480088499485
2023-08-16,704764587892.0,5039,5039,130863429888.0,50,0.1856838895373867,18.568388953738673
2023-08-17,740476165262.75,5040,5040,131296949504.0,50,0.17731421437097936,17.731421437097936
2023-08-18,745074708848.75,5042,5042,120447986048.0,50,0.16165893784545426,16.165893784545425
2023-08-21,678485969790.0,5042,5042,116404166528.0,50,0.17156458896862462,17.15645889686246
2023-08-22,818611631363.75,5043,5043,140921016960.0,50,0.17214636533472583,17.214636533472582
2023-08-23,707014007685.25,5046,5046,122451300608.0,50,0.17319501350320224,17.319501350320223
2023-08-24,786341914326.0,5046,5046,136503996672.0,50,0.1735936927500579,17.35936927500579
2023-08-25,766677637667.0,5047,5047,119086251776.0,50,0.15532767088183172,15.532767088183173
2023-08-28,1126976438360.75,5048,5048,204678050048.0,50,0.18161697359504306,18.161697359504306
2023-08-29,1037855097512.0,5047,5047,162883427456.0,50,0.15694235914673696,15.694235914673696
2023-08-30,984611122240.875,5049,5049,144599488512.0,50,0.14685949127093573,14.685949127093572
2023-08-31,828843857721.0,5049,5049,116458793088.0,50,0.1405075177949881,14.05075177949881
2023-09-01,745539197928.25,5049,5049,105804698496.0,50,0.14191701628836764,14.191701628836764
2023-09-04,885001925239.75,5048,5048,130116390144.0,50,0.14702384981676853,14.702384981676852
2023-09-05,804013300460.75,5051,5051,123521455232.0,50,0.15363110928788673,15.363110928788673
2023-09-06,771558095672.25,5052,5052,113938342912.0,50,0.1476730573512119,14.76730573512119
2023-09-07,767090087039.25,5052,5052,117434238848.0,50,0.1530905441644577,15.30905441644577
2023-09-08,682084084822.0,5053,5053,106722010240.0,50,0.15646459522340372,15.646459522340372
2023-09-11,841393959142.0,5054,5054,137406252672.0,50,0.1633078668785763,16.33078668785763
2023-09-12,708505798103.25,5055,5055,117498048640.0,50,0.1658392196006801,16.58392196006801
2023-09-13,698393688600.75,5055,5055,105585255680.0,50,0.15118300380340324,15.118300380340324
2023-09-14,665996609708.25,5056,5056,103064980864.0,50,0.15475301129408028,15.47530112940803
2023-09-15,721744276839.75,5056,5056,114841789952.0,50,0.15911700811103002,15.911700811103003
2023-09-18,698594272407.25,5056,5056,112414064768.0,50,0.16091466707941673,16.091466707941674
2023-09-19,635057461336.125,5056,5056,95122141312.0,50,0.1497850936384062,14.978509363840619
2023-09-20,573328938699.25,5058,5058,87736520192.0,50,0.1530299872723218,15.30299872723218
2023-09-21,579094375651.5,5059,5059,97082433024.0,50,0.16764527010779393,16.764527010779393
2023-09-22,765583887622.0,5060,5060,148014081152.0,50,0.1933348958162513,19.33348958162513
2023-09-25,718066122013.25,5061,5061,128434086144.0,50,0.17886108563917194,17.886108563917194
2023-09-26,665826071373.375,5061,5061,129233803392.0,50,0.19409543865627576,19.409543865627576
2023-09-27,716691734769.25,5061,5061,121848337280.0,50,0.17001498882812002,17.001498882812
2023-09-28,717306724172.5,5060,5060,120430430080.0,50,0.16789251518439488,16.78925151843949
2023-10-09,770133293353.375,5060,5060,127827604736.0,50,0.1659811435750336,16.59811435750336
2023-10-10,775343988784.25,5063,5063,131955018880.0,50,0.17018900099671538,17.018900099671537
2023-10-11,839441865191.0,5062,5062,147773578368.0,50,0.17603789433873038,17.603789433873036
2023-10-12,832604363326.0,5063,5063,155030948224.0,50,0.18620001894380991,18.62000189438099
2023-10-13,809052898422.25,5063,5063,145373458688.0,50,0.17968350273696027,17.968350273696025
2023-10-16,813385420380.0,5064,5064,140323468928.0,50,0.17251780694869503,17.251780694869502
2023-10-17,735707460729.125,5066,5066,129497076480.0,50,0.17601707661311677,17.60170766131168
2023-10-18,766990628232.25,5065,5065,155478209024.0,50,0.20271200625012087,20.271200625012085
2023-10-19,812829543688.0,5067,5067,173701348608.0,50,0.21369960031210958,21.369960031210958
2023-10-20,731856091905.75,5068,5068,139313109376.0,50,0.1903558785897775,19.035587858977753
2023-10-23,722350435516.75,5069,5069,131932579200.0,50,0.18264345491204556,18.264345491204555
2023-10-24,804674311419.625,5068,5068,152373424640.0,50,0.18936036913018794,18.936036913018796
2023-10-25,874261816945.0,5070,5070,152780596608.0,50,0.1747538250519426,17.475382505194258
2023-10-26,842810243776.25,5070,5070,154379607680.0,50,0.18317243865985192,18.31724386598519
2023-10-27,964697467010.0,5070,5070,151813662336.0,50,0.1573691934804534,15.736919348045339
2023-10-30,1038350329847.0,5069,5069,157479354112.0,50,0.15166302700092024,15.166302700092023
2023-10-31,918512217707.25,5072,5072,147894708480.0,50,0.16101550488807684,16.101550488807685
2023-11-01,812151941952.5,5074,5074,140089962752.0,50,0.17249230780044528,17.249230780044527
2023-11-02,767181515170.25,5073,5073,118643482368.0,50,0.1546485154059937,15.46485154059937
2023-11-03,809730421249.0,5075,5075,121708294272.0,50,0.15030717764594584,15.030717764594584
2023-11-06,1064394603932.0,5069,5069,159398919296.0,50,0.1497554748090243,14.97554748090243
2023-11-07,993227532301.75,5072,5072,165426453632.0,50,0.1665544381846054,16.65544381846054
2023-11-08,1036813381817.75,5074,5074,164972559360.0,50,0.15911499817910213,15.911499817910213
2023-11-09,962546075392.0,5073,5073,171516873728.0,50,0.1781908192375614,17.819081923756137
2023-11-10,827747204571.0,5073,5073,147389977984.0,50,0.17806158350047033,17.80615835004703
2023-11-13,868940830853.0,5075,5075,136389813504.0,50,0.15696099050853932,15.696099050853931
2023-11-14,893745337575.5,5075,5075,143260070016.0,50,0.16029182362464406,16.029182362464407
2023-11-15,990312851184.0,5074,5074,160207813888.0,50,0.16177495192196936,16.177495192196936
2023-11-16,850855933804.75,5073,5073,128029860096.0,50,0.1504718425403608,15.04718425403608
2023-11-17,826851089415.375,5074,5074,124613951104.0,50,0.15070906079607185,15.070906079607186
2023-11-20,927552003580.75,5076,5076,125742086784.0,50,0.13556338221316047,13.556338221316047
2023-11-21,998281010462.25,5078,5078,136969270400.0,50,0.13720512457366782,13.720512457366782
2023-11-22,875525711115.5,5077,5077,126464673408.0,50,0.14444427137025184,14.444427137025183
2023-11-23,824251939215.0,5078,5078,128643816832.0,50,0.1560734172545807,15.60734172545807
2023-11-24,813467262562.25,5078,5078,120888618240.0,50,0.1486090759930847,14.86090759930847
2023-11-27,828896904292.0,5080,5080,121545739520.0,50,0.14663553318952005,14.663553318952005
2023-11-28,772523638203.5,5080,5080,120831477248.0,50,0.15641136564959102,15.641136564959101
2023-11-29,774949369519.75,5082,5082,115493954560.0,50,0.14903419384878483,14.903419384878482
2023-11-30,773335476406.5,5081,5081,108659663872.0,50,0.1405077966640232,14.050779666402319
2023-12-01,834242950948.0,5082,5082,130967143936.0,50,0.15698921253955364,15.698921253955364
2023-12-04,851182845732.5,5081,5081,130190537344.0,50,0.1529524919313456,15.29524919313456
2023-12-05,822564087383.0,5082,5082,118258540928.0,50,0.1437681789685729,14.376817896857292
2023-12-06,817206446642.75,5083,5083,129128366336.0,50,0.15801192815656992,15.801192815656991
2023-12-07,820449492346.5,5081,5081,125606870400.0,50,0.1530951893708437,15.309518937084372
2023-12-08,962431371651.25,5084,5084,152996187904.0,50,0.15896841313630852,15.896841313630853
2023-12-11,911661192496.5,5084,5084,137741090816.0,50,0.1510880269443177,15.10880269443177
2023-12-12,787597930609.0,5084,5084,120273445632.0,50,0.15270919457469892,15.270919457469892
2023-12-13,768612709545.0,5086,5086,110270956928.0,50,0.14346751694137053,14.346751694137053
2023-12-14,737107333573.5,5087,5087,112395099648.0,50,0.15248132060104191,15.248132060104192
2023-12-15,733226720337.75,5087,5087,112836590592.0,50,0.15389045088267309,15.38904508826731
2023-12-18,692935954650.5,5087,5087,101795614976.0,50,0.1469047958802242,14.69047958802242
2023-12-19,642950609442.375,5084,5084,98155788544.0,50,0.15266458589895357,15.266458589895358
2023-12-20,663657376291.0,5087,5087,98396958720.0,50,0.14826469536120243,14.826469536120243
2023-12-21,732513828360.75,5087,5087,113084932224.0,50,0.1543792456137875,15.437924561378749
2023-12-22,779575547998.0,5087,5087,112878443648.0,50,0.14479474624092442,14.479474624092441
2023-12-25,608268531506.5,5087,5087,85826911104.0,50,0.14110036383344096,14.110036383344097
2023-12-26,609965482913.3125,5089,5089,87259826432.0,50,0.143056990725492,14.3056990725492
2023-12-27,636920657721.5742,5090,5090,94514386176.0,50,0.14839271584329167,14.839271584329166
2023-12-28,884544556287.0703,5087,5087,135842762368.0,50,0.15357367970044186,15.357367970044185
2023-12-29,822714831959.25,5090,5090,115954689664.0,50,0.1409415330313911,14.094153303139109
2024-01-02,787915785678.4004,5090,5090,106349788672.0,50,0.1349760857760099,13.497608577600989
2024-01-03,737428018681.75,5091,5091,92749628160.0,50,0.12577448348898135,12.577448348898134
2024-01-04,673418230906.5,5091,5091,93327674368.0,50,0.13858798304639006,13.858798304639006
2024-01-05,736296868106.25,5092,5092,96610506496.0,50,0.13121135058537123,13.121135058537122
2024-01-08,657695468943.0,5092,5092,90509201920.0,50,0.13761566894395633,13.761566894395633
2024-01-09,674287266425.25,5092,5092,95977905920.0,50,0.1423397870596447,14.23397870596447
2024-01-10,646940144492.875,5094,5094,94220854144.0,50,0.1456407597303427,14.56407597303427
2024-01-11,712064283731.75,5095,5095,105590211328.0,50,0.14828747030342293,14.828747030342292
2024-01-12,676809431996.375,5092,5092,94081730816.0,50,0.13900771231643222,13.900771231643223
2024-01-15,610960412433.75,5093,5093,79262625536.0,50,0.12973447038942953,12.973447038942954
2024-01-16,684805283355.5,5095,5095,96465612928.0,50,0.14086575450371083,14.086575450371082
2024-01-17,637450010110.25,5095,5095,97908072448.0,50,0.15359333421465682,15.359333421465681
2024-01-18,865013649810.5,5097,5097,140286148992.0,50,0.16217795987697156,16.217795987697155
2024-01-19,666658579902.625,5097,5097,114378193024.0,50,0.17156937069752642,17.156937069752644
2024-01-22,794035018252.0,5097,5097,122192880256.0,50,0.15388852814702952,15.388852814702952
2024-01-23,704216034608.375,5097,5097,115925934848.0,50,0.16461700550807273,16.461700550807272
2024-01-24,766629597605.75,5098,5098,115374661376.0,50,0.15049596537405413,15.049596537405414
2024-01-25,891288984283.75,5099,5099,139198947456.0,50,0.15617712090076133,15.617712090076132
2024-01-26,828399077124.4375,5099,5099,123725443328.0,50,0.1493548782761556,14.93548782761556
2024-01-29,805029901459.5,5100,5100,126808171520.0,50,0.1575198278847777,15.75198278847777
2024-01-30,663421799126.75,5100,5100,101713568640.0,50,0.1533165910042204,15.33165910042204
2024-01-31,758370910719.625,5101,5101,105838395136.0,50,0.13956019889471893,13.956019889471893
2024-02-01,703024677876.25,5101,5101,103505948800.0,50,0.14722946726803188,14.722946726803187
2024-02-02,805583790875.5,5101,5101,112955527296.0,50,0.14021573990862096,14.021573990862096
2024-02-05,877290103468.5,5100,5100,137909831424.0,50,0.1571998029827904,15.71998029827904
2024-02-06,926355784253.0,5101,5101,140733492864.0,50,0.15192164312709017,15.192164312709016
2024-02-07,1022187052897.625,5102,5102,141825133824.0,50,0.13874675229153405,13.874675229153405
2024-02-08,1017568815764.0,5104,5104,126323933312.0,50,0.12414288975351002,12.414288975351003
2024-02-19,957328935500.75,5104,5104,143086507392.0,50,0.14946430854213735,14.946430854213736
2024-02-20,789461519590.75,5104,5104,131914929536.0,50,0.16709481876252,16.709481876252
2024-02-21,980216221022.0,5104,5104,162885924480.0,50,0.16617346355498047,16.617346355498047
2024-02-22,822409256050.0,5104,5104,135176694144.0,50,0.16436669839204932,16.43666983920493
2024-02-23,921807519224.5,5103,5103,142638009216.0,50,0.15473730278963094,15.473730278963094
2024-02-26,989267736709.25,5102,5102,139685558272.0,50,0.1412009641966664,14.12009641966664
2024-02-27,990081821284.25,5103,5103,162293960192.0,50,0.16391974552313876,16.391974552313876
2024-02-28,1356715594230.0,5103,5103,202454988800.0,50,0.14922433976658367,14.922433976658366
2024-02-29,1052583186014.25,5103,5103,178181039104.0,50,0.16927976949613535,16.927976949613534
2024-03-01,1055258502499.375,5104,5104,193926414848.0,50,0.18377147816263614,18.377147816263616
2024-03-04,1077041218788.375,5104,5104,195672870656.0,50,0.18167630657267098,18.167630657267097
2024-03-05,1067454328602.375,5104,5104,211539031808.0,50,0.19817150592753646,19.817150592753645
2024-03-06,931911921715.75,5102,5102,170476799744.0,50,0.18293230912867162,18.293230912867163
2024-03-07,981726871466.5,5102,5102,164187310976.0,50,0.16724337058303965,16.724337058303966
2024-03-08,860662768567.5,5102,5102,156099851520.0,50,0.18137167915351438,18.137167915351437
2024-03-11,1005827835880.25,5101,5101,185930244992.0,50,0.18485295232387677,18.485295232387678
2024-03-12,1145207292781.0,5103,5103,203911186432.0,50,0.17805613683862062,17.805613683862063
2024-03-13,1054871873639.5,5105,5105,182572850560.0,50,0.1730758541604588,17.307585416045878
2024-03-14,1007416733731.25,5105,5105,181902242944.0,50,0.18056305484451712,18.056305484451713
2024-03-15,944526628397.0,5104,5104,172232260736.0,50,0.18234770260347596,18.234770260347595
2024-03-18,1137866824132.5,5103,5103,196853679616.0,50,0.1730023895951792,17.30023895951792
2024-03-19,1078147030992.0,5105,5105,180290285056.0,50,0.16722235453369974,16.722235453369976
2024-03-20,1000004966657.875,5106,5106,156684556928.0,50,0.15668377873327646,15.668377873327646
2024-03-21,1067923682510.0,5106,5106,160311083392.0,50,0.15011473761421978,15.011473761421978
2024-03-22,1097412063333.25,5106,5106,171912786560.0,50,0.15665290395827863,15.665290395827864
2024-03-25,1043551612396.5,5106,5106,163667484800.0,50,0.15683698137760543,15.683698137760544
2024-03-26,956023831465.75,5107,5107,168679660032.0,50,0.1764387607089092,17.643876070890922
2024-03-27,888983110135.75,5109,5109,143044413952.0,50,0.16090790963414,16.090790963414
2024-03-28,932353707905.25,5110,5110,159258356608.0,50,0.17081323885739783,17.08132388573978
2024-03-29,858603805889.375,5109,5109,136248238208.0,50,0.15868580743928665,15.868580743928664
2024-04-01,999286747687.0,5111,5111,160707619840.0,50,0.16082232673652688,16.082232673652687
2024-04-02,967720205367.375,5112,5112,143274636544.0,50,0.14805378222893337,14.805378222893337
2024-04-03,917894484778.875,5111,5111,130189751552.0,50,0.14183520405764646,14.183520405764646
2024-04-08,931308503000.25,5113,5113,142310460416.0,50,0.15280700214541237,15.280700214541238
2024-04-09,796186162071.75,5114,5114,115653575296.0,50,0.14525946418744418,14.525946418744418
2024-04-10,829945864374.25,5114,5114,114735823360.0,50,0.1382449485985532,13.82449485985532
2024-04-11,812748439291.75,5115,5115,119533425792.0,50,0.1470730917627655,14.707309176276551
2024-04-12,810183260930.75,5115,5115,127220497664.0,50,0.15702681578220623,15.702681578220623
2024-04-15,997159722570.25,5115,5115,134828491904.0,50,0.13521253300972685,13.521253300972685
2024-04-16,947087356335.5,5115,5115,130233521280.0,50,0.1375095131497728,13.75095131497728
2024-04-17,918455710955.5,5114,5114,131494093824.0,50,0.14316868222987292,14.316868222987292
2024-04-18,949603525484.0,5113,5113,149411442048.0,50,0.15734086704432465,15.734086704432466
2024-04-19,860247692298.875,5111,5111,134209901056.0,50,0.15601309048251605,15.601309048251604
2024-04-22,822055560882.0,5110,5110,124981270656.0,50,0.15203506502882247,15.203506502882247
2024-04-23,775259494243.5,5109,5109,120545510656.0,50,0.1554905313009144,15.549053130091439
2024-04-24,795355985017.75,5110,5110,124481860480.0,50,0.15651087415557943,15.651087415557944
2024-04-25,774292978693.125,5107,5107,112513719808.0,50,0.14531155893716619,14.531155893716619
2024-04-26,1086305357450.0,5098,5098,182341944576.0,50,0.16785514618470687,16.785514618470685
2024-04-29,1211053448329.0,5089,5089,187307091200.0,50,0.15466459507501054,15.466459507501055
2024-04-30,1030484015217.125,5053,5053,159616984704.0,50,0.15489515834010137,15.489515834010136
2024-05-06,1102286306091.25,5094,5094,168697220736.0,50,0.15304301596035144,15.304301596035144
2024-05-07,968794381213.5,5094,5094,144563208448.0,50,0.14921970157064895,14.921970157064896
2024-05-08,864423594504.5,5092,5092,113428466688.0,50,0.1312186148192991,13.121861481929912
2024-05-09,901277031434.75,5093,5093,115295117824.0,50,0.12792417181702812,12.792417181702811
2024-05-10,912538234152.75,5093,5093,122624977024.0,50,0.13437790597108698,13.437790597108698
2024-05-13,909663680370.25,5092,5092,130509567744.0,50,0.1434701313906258,14.34701313906258
2024-05-14,824546425769.875,5095,5095,118554006784.0,50,0.14378087525309044,14.378087525309043
2024-05-15,761134511138.5,5096,5096,116661374848.0,50,0.1532730064670155,15.32730064670155
2024-05-16,847755744717.375,5095,5095,140091246976.0,50,0.16524954015228013,16.524954015228012
2024-05-17,887380834499.0,5095,5095,151536576256.0,50,0.1707683672721588,17.07683672721588
2024-05-20,995473818772.375,5091,5091,153525805824.0,50,0.15422385092289925,15.422385092289925
2024-05-21,799214477799.0,5094,5094,117616875904.0,50,0.14716559718476507,14.716559718476507
2024-05-22,831196849362.25,5095,5095,126523650048.0,50,0.15221863526681728,15.221863526681728
2024-05-23,847672256477.25,5095,5095,124147959168.0,50,0.14645749960478022,14.645749960478021
2024-05-24,763910402210.125,5095,5095,111198915712.0,50,0.14556539011680203,14.556539011680202
2024-05-27,774807778679.8125,5093,5093,105359122432.0,50,0.13598098177527385,13.598098177527385
2024-05-28,741656386909.125,5093,5093,109411917568.0,50,0.14752373133868288,14.752373133868288
2024-05-29,708279189267.75,5093,5093,106227787136.0,50,0.1499801049439599,14.998010494395992
2024-05-30,723165480491.0,5093,5093,109056007808.0,50,0.1508036690771736,15.08036690771736
2024-05-31,714648499302.5,5092,5092,103116809856.0,50,0.144290248921872,14.4290248921872
2024-06-03,830558782206.625,5092,5092,125054759936.0,50,0.15056701899383335,15.056701899383334
2024-06-04,745615368324.75,5091,5091,103922135936.0,50,0.13937767426856082,13.937767426856082
2024-06-05,688595845482.25,5096,5096,96264771328.0,50,0.13979865251812854,13.979865251812853
2024-06-06,845696141641.25,5098,5098,128542843008.0,50,0.1519964874837146,15.19964874837146
2024-06-07,716754718602.5,5095,5095,125193465344.0,50,0.17466709614147677,17.46670961414768
2024-06-11,702862325881.5625,5095,5095,128656673024.0,50,0.18304676219860389,18.30467621986039
2024-06-12,691808278350.375,5099,5099,119679422208.0,50,0.17299507096587077,17.299507096587078
2024-06-13,752480189410.125,5100,5100,128289404672.0,50,0.1704887470493636,17.04887470493636
2024-06-14,848090321724.4531,5101,5101,158411836800.0,50,0.18678651641477928,18.678651641477927
2024-06-17,751557125759.0625,5100,5100,131850412800.0,50,0.17543631519271788,17.543631519271788
2024-06-18,736971264876.625,5098,5098,133515110272.0,50,0.18116732176030162,18.116732176030162
2024-06-19,704721053965.9375,5097,5097,121565774464.0,50,0.17250197617889795,17.250197617889796
2024-06-20,724350018163.375,5096,5096,109175460096.0,50,0.1507219677757719,15.07219677757719
2024-06-21,619525128233.0,5096,5096,103559326976.0,50,0.1671592034876298,16.71592034876298
2024-06-24,696170524236.875,5094,5094,114843309056.0,50,0.16496433712399475,16.496433712399476
2024-06-25,648387521409.0,5089,5089,114282999680.0,50,0.1762572472580187,17.62572472580187
2024-06-26,643629639674.875,5096,5096,100587931136.0,50,0.1562823166235963,15.62823166235963
2024-06-27,627357385636.25,5090,5090,101825665280.0,50,0.16230886510841183,16.230886510841184
2024-06-28,703790649010.125,5089,5089,116668102784.0,50,0.16577103283212502,16.5771032832125
2024-07-01,658335300262.625,5087,5087,108737705216.0,50,0.16517070430922062,16.51707043092206
2024-07-02,644909858064.9258,5087,5087,106498664192.0,50,0.1651372868009072,16.51372868009072
2024-07-03,580905873826.25,5086,5086,94741219584.0,50,0.1630922045252675,16.30922045252675
2024-07-04,583903085137.125,5087,5087,88474901248.0,50,0.1515232638772963,15.15232638772963
2024-07-05,575967315430.0,5086,5086,103624348160.0,50,0.17991359124716505,17.991359124716507
2024-07-08,582771284196.0,5085,5085,100385123456.0,50,0.17225475272772375,17.225475272772375
2024-07-09,725118868839.9375,5091,5091,128568974592.0,50,0.1773074458780637,17.73074458780637
2024-07-10,678107877975.625,5093,5093,120276235648.0,50,0.17737035588948488,17.737035588948487
2024-07-11,787463168702.625,5093,5093,135974276224.0,50,0.17267382352373725,17.267382352373726
2024-07-12,688973334983.625,5093,5093,125292319872.0,50,0.18185365602716375,18.185365602716374
2024-07-15,603586908662.875,5094,5094,107698659712.0,50,0.17843107291804033,17.843107291804035
2024-07-16,641586644897.25,5094,5094,133566633728.0,50,0.20818175501360486,20.818175501360486
2024-07-17,675850855395.0,5091,5091,132267595008.0,50,0.1957053008843148,19.57053008843148
2024-07-18,672856630609.5,5088,5088,128084101504.0,50,0.19035868218758042,19.035868218758043
2024-07-19,670204777460.625,5087,5087,134708781056.0,50,0.20099645001995564,20.099645001995565
2024-07-22,656878499876.75,5086,5086,129978488064.0,50,0.1978729522862871,19.78729522862871
2024-07-23,662532292382.5,5086,5086,118988512768.0,50,0.179596548177465,17.9596548177465
2024-07-24,627472996736.25,5086,5086,110983745664.0,50,0.1768741383952345,17.68741383952345
2024-07-25,588948100446.625,5084,5084,113356340352.0,50,0.19247254599520222,19.24725459952022
2024-07-26,606534347390.75,5086,5086,113739996672.0,50,0.187524411702813,18.7524411702813
2024-07-29,586403410495.125,5084,5084,102139065472.0,50,0.17417883942004994,17.417883942004995
2024-07-30,599731541166.75,5085,5085,109463564928.0,50,0.18252094047787398,18.2520940477874
2024-07-31,903481905264.75,5085,5085,151190421248.0,50,0.16734194715686776,16.734194715686776
2024-08-01,782597289087.375,5085,5085,125762058752.0,50,0.16069830614754274,16.069830614754274
2024-08-02,722568927315.25,5087,5087,126833706112.0,50,0.17553163624577459,17.553163624577458
2024-08-05,790665733824.5,5085,5085,137605945472.0,50,0.17403807903295793,17.403807903295792
2024-08-06,654356664247.875,5086,5086,112081178624.0,50,0.17128453754318737,17.128453754318738
2024-08-07,592684498353.625,5087,5087,96689995008.0,50,0.16313906517985213,16.313906517985213
2024-08-08,620366533067.4688,5088,5088,101422174208.0,50,0.16348750102057763,16.348750102057764
2024-08-09,563240157220.375,5088,5088,98968174336.0,50,0.1757122127520418,17.57122127520418
2024-08-12,495999866727.65625,5089,5089,74469981120.0,50,0.1501411313097993,15.014113130979931
2024-08-13,477386411076.75,5089,5089,79191686208.0,50,0.16588592463154184,16.588592463154185
2024-08-14,477565596675.375,5090,5090,77384605504.0,50,0.16203974080779976,16.203974080779975
2024-08-15,591620793740.625,5090,5090,90088630144.0,50,0.15227427956748954,15.227427956748954
2024-08-16,591322698820.375,5090,5090,93296305920.0,50,0.15777562083464083,15.777562083464083
2024-08-19,570638983490.25,5089,5089,87737544960.0,50,0.15375315654630367,15.375315654630366
2024-08-20,557819882727.625,5090,5090,87315632000.0,50,0.15653015373536783,15.653015373536782
2024-08-21,509596291206.9375,5091,5091,85217230144.0,50,0.16722498105739722,16.72249810573972
2024-08-22,549201610843.375,5090,5090,93360556288.0,50,0.16999323098239272,16.999323098239273
2024-08-23,510244730910.25,5088,5088,87548701952.0,50,0.17158178546168948,17.158178546168948
2024-08-26,526579046061.75,5090,5090,90822421312.0,50,0.17247632998550722,17.24763299855072
2024-08-27,511471879937.375,5089,5089,84171512448.0,50,0.16456723380043106,16.456723380043105
2024-08-28,496620221241.375,5089,5089,85760682176.0,50,0.17268866330418164,17.268866330418163
2024-08-29,607349976477.2812,5088,5088,102565494528.0,50,0.16887379352987691,16.88737935298769
2024-08-30,876463457542.375,5088,5088,149126366720.0,50,0.17014556104615472,17.014556104615473
2024-09-02,705737728203.0,5086,5086,111809902848.0,50,0.15842982226938382,15.842982226938382
2024-09-03,580620536654.5,5087,5087,90411126272.0,50,0.1557146545193585,15.57146545193585
2024-09-04,559396263436.625,5087,5087,99836364800.0,50,0.17847163330455573,17.847163330455572
2024-09-05,534857158825.875,5087,5087,87596577216.0,50,0.16377564695645672,16.37756469564567
2024-09-06,542581323407.125,5087,5087,94130677120.0,50,0.1734867623693881,17.348676236938807
2024-09-09,518572897229.25,5085,5085,94909621632.0,50,0.18302079059492862,18.30207905949286
2024-09-10,527635906089.625,5085,5085,86734758144.0,50,0.16438372965706982,16.438372965706982
2024-09-11,499549283426.625,5089,5089,92992407808.0,50,0.18615261975780403,18.615261975780403
2024-09-12,515570783827.5625,5089,5089,91756979968.0,50,0.1779716439453811,17.797164394538108
2024-09-13,524814376739.375,5089,5089,103126092800.0,50,0.19650012913272924,19.650012913272924
2024-09-18,479296973719.75,5085,5085,80369462016.0,50,0.1676819726030502,16.76819726030502
2024-09-19,626976990819.75,5090,5090,108310955520.0,50,0.1727510851369319,17.27510851369319
2024-09-20,574666802868.5,5090,5090,99912197504.0,50,0.17386109134072034,17.386109134072033
2024-09-23,550956238697.875,5091,5091,98895274752.0,50,0.1794975132430267,17.94975132430267
2024-09-24,971300140017.0,5092,5092,177558604416.0,50,0.18280508475257948,18.280508475257946
2024-09-25,1157336103631.0,5094,5094,193965935616.0,50,0.1675968934240068,16.75968934240068
2024-09-26,1162474181583.75,5095,5095,211297895680.0,50,0.18176566759713203,18.176566759713204
2024-09-27,1446114980110.0,5095,5095,274500379392.0,50,0.1898191936101235,18.981919361012352
2024-09-30,2593700422887.0,5092,5092,417211157504.0,50,0.1608555690636045,16.08555690636045
2024-10-08,3453345711244.0,5088,5088,558601878528.0,50,0.16175672094143584,16.175672094143582
2024-10-09,2941912958130.5,5088,5088,594671939584.0,50,0.2021378429774811,20.21378429774811
2024-10-10,2147352130541.875,5090,5090,433259695616.0,50,0.2017646241870302,20.17646241870302
2024-10-11,1574972326130.0,5090,5090,295834750976.0,50,0.187834888313829,18.7834888313829
2024-10-14,1639169126688.75,5091,5091,318919531264.0,50,0.19456169962659217,19.456169962659217
2024-10-15,1641059809216.0,5092,5092,333302814208.0,50,0.2031021735686965,20.31021735686965
2024-10-16,1378695929376.25,5095,5095,270501677312.0,50,0.19620111407334062,19.62011140733406
2024-10-17,1494443345401.5,5098,5098,301894399744.0,50,0.20201127106822003,20.201127106822003
2024-10-18,2101340244758.0625,5097,5097,428087752192.0,50,0.2037212932364924,20.37212932364924
2024-10-21,2188474940337.875,5097,5097,412271884800.0,50,0.18838318739731608,18.83831873973161
2024-10-22,1915133279788.25,5097,5097,349888759552.0,50,0.18269681971726065,18.269681971726065
2024-10-23,1929793572273.625,5094,5094,365223550720.0,50,0.18925524261628904,18.925524261628905
2024-10-24,1522003081756.875,5096,5096,307219270912.0,50,0.20185193748581073,20.185193748581074
2024-10-25,1773966505377.0,5096,5096,317048813312.0,50,0.17872311137273778,17.872311137273776
2024-10-28,1864341965605.0,5092,5092,291825547776.0,50,0.15653005358450928,15.653005358450928
2024-10-29,2064417594725.0,5093,5093,345832279296.0,50,0.1675205056281591,16.75205056281591
2024-10-30,1849710045560.25,5091,5091,330777939712.0,50,0.17882691425391065,17.882691425391066
2024-10-31,2220035796522.75,5093,5093,429349131264.0,50,0.19339739113058046,19.339739113058048
2024-11-01,2234136758289.0,5093,5093,444500012544.0,50,0.19895828260952908,19.895828260952907
2024-11-04,1696729415804.75,5094,5094,365029824256.0,50,0.21513732293187612,21.513732293187612
2024-11-05,2308443450699.5,5097,5097,462222214656.0,50,0.20023111872891594,20.023111872891594
2024-11-06,2567738093415.5,5098,5098,498122955776.0,50,0.19399289867348474,19.399289867348475
2024-11-07,2508597418226.75,5098,5098,482623708160.0,50,0.19238786767992122,19.23878676799212
2024-11-08,2684334479773.125,5100,5100,494247916032.0,50,0.18412307398956218,18.41230739895622
2024-11-11,2509495483922.0,5095,5095,444335424512.0,50,0.17706165536411494,17.706165536411493
2024-11-12,2552872999604.5,5096,5096,449182791168.0,50,0.17595187509820856,17.595187509820857
2024-11-13,2010172973550.5,5096,5096,374748559104.0,50,0.18642602603600544,18.642602603600544
2024-11-14,1839143043154.5,5097,5097,343273926144.0,50,0.1866488457337262,18.66488457337262
2024-11-15,1828337709520.0,5098,5098,356023185408.0,50,0.19472506832529754,19.472506832529753
2024-11-18,1758975791255.0,5095,5095,307996417792.0,50,0.17509986170545855,17.509986170545854
2024-11-19,1559162846687.25,5097,5097,296272097792.0,50,0.1900199831091978,19.00199831091978
2024-11-20,1615312339551.5,5101,5101,277871744768.0,50,0.17202353870778486,17.202353870778488
2024-11-21,1611962134734.5,5101,5101,309554536704.0,50,0.19203586116182905,19.203586116182905
2024-11-22,1790784569055.0,5103,5103,303835342848.0,50,0.16966604922686732,16.96660492268673
2024-11-25,1491062260856.0,5102,5102,263508589824.0,50,0.1767254102942174,17.67254102942174
2024-11-26,1305446330037.5,5104,5104,214996890368.0,50,0.1646922477171651,16.469224771716508
2024-11-27,1460173265076.0,5103,5103,255230263808.0,50,0.1747945054963841,17.479450549638408
2024-11-28,1491228784323.75,5101,5101,255844400640.0,50,0.17156616297211671,17.15661629721167
2024-11-29,1709273833503.0,5106,5106,302924736512.0,50,0.17722422854340636,17.722422854340635
2024-12-02,1787475488152.0,5104,5104,273633013248.0,50,0.15308350523502748,15.308350523502748
2024-12-03,1716494168747.0,5104,5104,271047615488.0,50,0.1579076820784415,15.790768207844149
2024-12-04,1663710440044.5,5104,5104,261748351488.0,50,0.1573280693490142,15.732806934901419
2024-12-05,1499153403525.75,5107,5107,240358356736.0,50,0.16032939402379945,16.032939402379945
2024-12-06,1789570380020.5,5105,5105,291555261952.0,50,0.16291913702140073,16.291913702140075
2024-12-09,1635000809968.0,5103,5103,244284116992.0,50,0.14940917185036814,14.940917185036815
2024-12-10,2200701894629.5,5105,5105,339641926400.0,50,0.15433345480769015,15.433345480769015
2024-12-11,1776798544964.0,5106,5106,250222039808.0,50,0.14082746776060073,14.082746776060073
2024-12-12,1868525087351.5,5107,5107,254653108992.0,50,0.13628562480418846,13.628562480418847
2024-12-13,2070326750867.0,5106,5106,294752723712.0,50,0.14237014692901256,14.237014692901257
2024-12-16,1700285250040.0,5110,5110,241462359296.0,50,0.142012853014116,14.2012853014116
2024-12-17,1511098324270.0,5107,5107,230993815296.0,50,0.15286484776402048,15.286484776402048
2024-12-18,1362215256376.5,5108,5108,215446207744.0,50,0.15815871003903456,15.815871003903457
2024-12-19,1445075392818.0,5107,5107,246973657856.0,50,0.17090710912624688,17.090710912624687
2024-12-20,1516679935066.0,5112,5112,247763605760.0,50,0.1633591900516692,16.33591900516692
2024-12-23,1531877675680.0,5110,5110,238242926080.0,50,0.15552346630695826,15.552346630695826
2024-12-24,1308828923658.5,5110,5110,211450782208.0,50,0.16155723516328083,16.155723516328084
2024-12-25,1283068496764.0,5107,5107,206421042176.0,50,0.16088076567744447,16.088076567744448
2024-12-26,1273610520529.0625,5110,5110,221181229312.0,50,0.17366473167960367,17.36647316796037
2024-12-27,1436975967919.2422,5108,5108,246381035520.0,50,0.17145800696775923,17.145800696775922
2024-12-30,1277950998986.5781,5105,5105,216206381568.0,50,0.1691820592021547,16.91820592021547
2024-12-31,1346868406486.039,5108,5108,215385153792.0,50,0.15991551420671962,15.991551420671962
2025-01-02,1397402916287.7031,5106,5106,227417472768.0,50,0.16274294988030377,16.274294988030377
2025-01-03,1268629521350.0625,5109,5109,182188472576.0,50,0.143610462715795,14.3610462715795
2025-01-06,1059216012820.2031,5107,5107,152848413184.0,50,0.14430334448686746,14.430334448686747
2025-01-07,1077469216509.0,5110,5110,182213151488.0,50,0.169112164594707,16.911216459470698
2025-01-08,1243648076466.75,5110,5110,197286073600.0,50,0.15863496863236182,15.863496863236183
2025-01-09,1113082773762.25,5111,5111,182109454592.0,50,0.16360818699625104,16.360818699625103
2025-01-10,1148902141646.75,5112,5112,197881617152.0,50,0.17223539758431589,17.22353975843159
2025-01-13,966872762713.25,5111,5111,165207972608.0,50,0.17086836963365418,17.086836963365418
2025-01-14,1351377902981.0,5114,5114,233906660864.0,50,0.17308752817996068,17.30875281799607
2025-01-15,1189224186284.5,5116,5116,208925745664.0,50,0.17568238863081645,17.568238863081646
2025-01-16,1274207037174.5,5116,5116,239958461440.0,50,0.1883198369176313,18.831983691763128
2025-01-17,1136673755241.5,5115,5115,195999703552.0,50,0.17243268145164264,17.243268145164265
2025-01-20,1183903841888.875,5114,5114,194274841088.0,50,0.16409680770867474,16.409680770867475
2025-01-21,1205933710581.25,5116,5116,218834622720.0,50,0.18146488550728343,18.146488550728343
2025-01-22,1136325158557.0,5120,5120,224845491456.0,50,0.19787073247724926,19.787073247724926
2025-01-23,1356009150642.0,5121,5121,239822234368.0,50,0.17685886135389028,17.68588613538903
2025-01-24,1222535807805.5,5118,5118,201933774848.0,50,0.16517616380536052,16.51761638053605
2025-01-27,1118411189755.0,5119,5119,197402679040.0,50,0.1765027754087861,17.65027754087861
2025-02-05,1289939663839.5,5121,5121,257623993600.0,50,0.19971786341787745,19.971786341787745
2025-02-06,1536329633964.5,5121,5121,287015777024.0,50,0.18681913742909165,18.681913742909163
2025-02-07,1960981743182.0,5122,5122,362157340672.0,50,0.18468164832801706,18.468164832801705
2025-02-10,1731464280217.0,5123,5123,303107548928.0,50,0.1750585053305358,17.50585053305358
2025-02-11,1636427339291.5,5122,5122,288327704320.0,50,0.17619340461815616,17.619340461815618
2025-02-12,1677457769608.0,5122,5122,301405724160.0,50,0.1796800668373515,17.968006683735148
2025-02-13,1820930224218.0,5123,5123,337690001152.0,50,0.18544917134154398,18.5449171341544
2025-02-14,1715761941513.5,5122,5122,308088896256.0,50,0.1795638945017221,17.95638945017221
2025-02-17,1941042834031.0,5125,5125,347167854080.0,50,0.17885635906294248,17.885635906294247
2025-02-18,1798808588884.0,5124,5124,299568970496.0,50,0.16653743613813618,16.653743613813617
2025-02-19,1720792321267.5,5124,5124,304241900800.0,50,0.1768033812330716,17.68033812330716
2025-02-20,1756340512663.0,5123,5123,288097752832.0,50,0.1640329712574814,16.40329712574814
2025-02-21,2192036914587.5,5125,5125,393916219904.0,50,0.17970327839033112,17.97032783903311
2025-02-24,2079906713552.5,5122,5122,352978574336.0,50,0.16970884897674537,16.970884897674537
2025-02-25,1896392115655.0,5120,5120,319408170752.0,50,0.16842939185163125,16.842939185163125
2025-02-26,1938039926326.0,5121,5121,294541618176.0,50,0.15197912807419367,15.197912807419367
2025-02-27,2004242823921.0,5119,5119,302197712896.0,50,0.15077899209078646,15.077899209078646
2025-02-28,1866642869264.0,5119,5119,267202550784.0,50,0.14314604854722718,14.314604854722718
2025-03-03,1624429923757.25,5117,5117,224906881024.0,50,0.13845280595656487,13.845280595656487
2025-03-04,1435348677592.0,5119,5119,209377852672.0,50,0.14587246704630746,14.587246704630747
2025-03-05,1493602807418.0,5118,5118,222111153920.0,50,0.14870831309159419,14.870831309159419
2025-03-06,1906152145525.0,5116,5116,289221555712.0,50,0.1517305721849089,15.17305721849089
2025-03-07,1817966222204.0,5117,5117,277134426112.0,50,0.15244201059798448,15.24420105979845
2025-03-10,1505389664285.5,5117,5117,211518493952.0,50,0.1405074705706795,14.05074705706795
2025-03-11,1481633067107.5,5120,5120,204981048064.0,50,0.1383480516293901,13.83480516293901
2025-03-12,1683510244180.0,5119,5119,233232320512.0,50,0.13853929390587238,13.853929390587238
2025-03-13,1606397976837.0,5121,5121,206141170176.0,50,0.12832509325110847,12.832509325110847
2025-03-14,1791501379215.8125,5121,5121,273098313472.0,50,0.1524410288712936,15.24410288712936
2025-03-17,1572730043642.5,5116,5116,217168401920.0,50,0.13808371169474837,13.808371169474837
2025-03-18,1519439434514.5,5123,5123,209542996736.0,50,0.13790809424592457,13.790809424592457
2025-03-19,1466232830340.25,5120,5120,207656369408.0,50,0.14162578078395083,14.162578078395082
2025-03-20,1441304803751.0,5122,5122,195133225216.0,50,0.13538650860537285,13.538650860537285
2025-03-21,1550423338046.5,5123,5123,200437952256.0,50,0.1292794989196612,12.92794989196612
2025-03-24,1450380238462.0,5123,5123,173324779520.0,50,0.11950299302463994,11.950299302463995
2025-03-25,1258000547892.5,5126,5126,161835107584.0,50,0.12864470357752922,12.864470357752921
2025-03-26,1154075860917.0,5127,5127,151135768192.0,50,0.13095826133293462,13.095826133293462
2025-03-27,1190381317983.0,5128,5128,147228166784.0,50,0.12368151663658972,12.368151663658972
2025-03-28,1118771211952.5,5126,5126,129936969472.0,50,0.11614257507147652,11.614257507147652
2025-03-31,1221300348057.5,5128,5128,151573795840.0,50,0.12410853405641031,12.410853405641031
2025-04-01,1131944785179.0,5127,5127,142498722560.0,50,0.1258884041216427,12.58884041216427
2025-04-02,974301059262.75,5129,5129,127300660608.0,50,0.13065844422290573,13.065844422290574
2025-04-03,1137459651991.5,5128,5128,156872918528.0,50,0.1379151500040832,13.79151500040832
2025-04-07,1587079606974.5,5126,5126,267723760896.0,50,0.16868956019564152,16.868956019564152
2025-04-08,1625285553619.5,5127,5127,234663523072.0,50,0.14438295015260913,14.438295015260913
2025-04-09,1699274284449.0,5130,5130,249158780672.0,50,0.1466265822723206,14.66265822723206
2025-04-10,1609186499178.0,5130,5130,235632774656.0,50,0.14642974868131522,14.642974868131523
2025-04-11,1348480828453.5,5129,5129,194599506176.0,50,0.1443101763628154,14.43101763628154
2025-04-14,1277280462016.5,5128,5128,178108592128.0,50,0.13944360492824887,13.944360492824886
2025-04-15,1077039202157.25,5126,5126,140455439872.0,50,0.13040884639173347,13.040884639173347
2025-04-16,1111714899039.0,5130,5130,149837691648.0,50,0.1347806814296761,13.478068142967611
2025-04-17,999336315315.25,5130,5130,132589869952.0,50,0.13267792625966293,13.267792625966294
2025-04-18,914518304180.5,5129,5129,121666760448.0,50,0.13303917471288407,13.303917471288408
2025-04-21,1041175316703.5,5129,5129,141273906048.0,50,0.13568695279416731,13.568695279416731
2025-04-22,1089829199174.5,5127,5127,145407034112.0,50,0.13342185566521778,13.342185566521778
2025-04-23,1229580676490.0,5129,5129,174205516288.0,50,0.14167880125222249,14.167880125222249
2025-04-24,1108858257472.5,5129,5129,139225162240.0,50,0.12555722185570037,12.555722185570037
2025-04-25,1113407389007.25,5128,5128,145473604352.0,50,0.13065622321916595,13.065622321916596
2025-04-28,1056155076283.5,5122,5122,131624705792.0,50,0.12462630606783018,12.462630606783017
2025-04-29,1021926198390.0,5096,5096,127025482880.0,50,0.12430005520958665,12.430005520958664
2025-04-30,1169124865837.0,5097,5097,153161861248.0,50,0.13100556298436808,13.100556298436809
2025-05-06,1335983513424.5,5121,5121,167865798912.0,50,0.12564960362550653,12.564960362550654
2025-05-07,1468097675929.75,5123,5123,194020631552.0,50,0.1321578493945413,13.215784939454132
2025-05-08,1293258507877.125,5124,5124,179251514240.0,50,0.1386045505582949,13.86045505582949
2025-05-09,1191885625037.0,5124,5124,164636615680.0,50,0.1381312201620765,13.813122016207648
2025-05-12,1308275701726.0,5124,5124,194840899584.0,50,0.1489295408658493,14.89295408658493
2025-05-13,1291365201821.0,5125,5125,173773821568.0,50,0.13456597817794327,13.456597817794327
2025-05-14,1316599192012.0,5125,5125,204497388544.0,50,0.1553224320542771,15.53224320542771
2025-05-15,1152244602050.0,5124,5124,155871236352.0,50,0.13527616972532033,13.527616972532034
2025-05-16,1089431293777.0,5125,5125,144386926976.0,50,0.1325342201942981,13.253422019429811
2025-05-19,1086305188347.0,5122,5122,128213031424.0,50,0.11802671367067495,11.802671367067495
2025-05-20,1169532982208.375,5128,5128,141208565248.0,50,0.12073927575891225,12.073927575891224
2025-05-21,1173260727580.5,5124,5124,161984231808.0,50,0.13806328636094733,13.806328636094733
2025-05-22,1102519968800.0,5120,5120,139713258112.0,50,0.126721748417914,12.672174841791401
2025-05-23,1155386222594.0,5122,5122,152350228096.0,50,0.1318608661906604,13.186086619066039
2025-05-26,1009772622459.5,5120,5120,144712025856.0,50,0.14331149670460006,14.331149670460006
2025-05-27,998754226358.0,5120,5120,133367518720.0,50,0.13353387169767517,13.353387169767517
2025-05-28,1009750764927.0,5118,5118,131009965440.0,50,0.12974485386943121,12.97448538694312
2025-05-29,1185231082044.0,5121,5121,145323982464.0,50,0.12261236198208735,12.261236198208735
2025-05-30,1138815952534.0,5119,5119,144291520896.0,50,0.12670310823705475,12.670310823705474
2025-06-03,1141194833296.5,5115,5115,149593911424.0,50,0.13108533885653617,13.108533885653618
2025-06-04,1152852725924.5,5121,5121,145852427392.0,50,0.1265143622530254,12.65143622530254
2025-06-05,1290192022798.0,5123,5123,166931760896.0,50,0.1293852061912305,12.93852061912305
2025-06-06,1151842137512.0,5126,5126,142079618432.0,50,0.12334990516920535,12.334990516920536
2025-06-09,1286224870945.5,5122,5122,169593273600.0,50,0.131853517554308,13.1853517554308
2025-06-10,1415179822215.5,5128,5128,167291658496.0,50,0.11821229773761235,11.821229773761235
2025-06-11,1255274233160.0,5131,5131,176923474176.0,50,0.1409440817809322,14.094408178093222
2025-06-12,1271629893954.0,5131,5131,176776440320.0,50,0.13901563745905043,13.901563745905044
2025-06-13,1467064742061.5,5131,5131,177771333376.0,50,0.12117483862791091,12.117483862791092
2025-06-16,1214911233461.0,5134,5134,170424751872.0,50,0.14027753401085893,14.027753401085894
2025-06-17,1207077373103.0,5139,5139,164143407104.0,50,0.13598416370115624,13.598416370115624
2025-06-18,1190925846751.0,5139,5139,170952007168.0,50,0.14354546728025025,14.354546728025024
2025-06-19,1250504301269.0,5138,5138,159755636352.0,50,0.1277529682943765,12.775296829437648
2025-06-20,1067586955732.75,5140,5140,139785884800.0,50,0.13093629895848288,13.093629895848288
2025-06-23,1122457003981.5,5135,5135,151358556544.0,50,0.1348457499994313,13.48457499994313
2025-06-24,1414273283443.25,5139,5139,187891910144.0,50,0.13285403347686123,13.285403347686122
2025-06-25,1602535197303.0,5140,5140,249875611904.0,50,0.1559251942325699,15.59251942325699
2025-06-26,1582954740145.375,5142,5142,256923993856.0,50,0.1623065949645564,16.23065949645564
2025-06-27,1540935603496.75,5138,5138,246528972800.0,50,0.1599865511839476,15.998655118394762
2025-06-30,1486636852587.25,5138,5138,201576818944.0,50,0.13559250774201398,13.559250774201399
2025-07-01,1465804681097.25,5137,5137,185303480320.0,50,0.12641757985196794,12.641757985196794
2025-07-02,1376726699923.0,5136,5136,161483683072.0,50,0.11729538119732243,11.729538119732243
2025-07-03,1309586710271.5,5136,5136,178891954432.0,50,0.13660184012932797,13.660184012932797
2025-07-04,1428364851163.5,5137,5137,197725558528.0,50,0.1384279082245262,13.842790822452619
2025-07-07,1208496828291.625,5137,5137,165272266240.0,50,0.13675854364767748,13.675854364767748
2025-07-08,1453764115477.75,5137,5137,199899545344.0,50,0.13750480096167944,13.750480096167944
2025-07-09,1504976154974.75,5140,5140,198272260864.0,50,0.13174445336466248,13.174445336466247
2025-07-10,1493936130002.0,5140,5140,230484309760.0,50,0.15427989532570677,15.427989532570678
2025-07-11,1711843952374.5,5143,5143,280835760128.0,50,0.16405453297215117,16.405453297215118
2025-07-14,1458457647716.5,5140,5140,202717883136.0,50,0.1389946999512769,13.899469995127689
2025-07-15,1611801263308.0,5140,5140,224040642560.0,50,0.1390001656284767,13.90001656284767
2025-07-16,1441853698771.0,5139,5139,213746365952.0,50,0.1482441430321204,14.824414303212041
2025-07-17,1539116324730.0,5140,5140,227223917056.0,50,0.14763271196922742,14.763271196922743
2025-07-18,1570855949142.0,5139,5139,238814919680.0,50,0.15202852929349792,15.202852929349792
2025-07-21,1699687011032.0,5137,5137,229151114240.0,50,0.13481959487403872,13.481959487403872
2025-07-22,1892724918857.0,5135,5135,260443136000.0,50,0.1376022122418504,13.76022122418504
2025-07-23,1864274636345.5,5139,5139,260192767744.0,50,0.13956783119361138,13.956783119361138
2025-07-24,1844401777882.5,5138,5138,283664790272.0,50,0.15379772112216605,15.379772112216605
2025-07-25,1786982194392.0,5140,5140,261363863808.0,50,0.14625991497185903,14.625991497185902
2025-07-28,1741913946739.0,5141,5141,263415264768.0,50,0.1512217439105612,15.12217439105612
2025-07-29,1802887808639.0,5145,5145,278563672832.0,50,0.15450971019782297,15.450971019782298
2025-07-30,1843965049970.0,5145,5145,274160370944.0,50,0.14867980873523629,14.867980873523628
2025-07-31,1935750294875.0,5140,5140,304912426240.0,50,0.15751640438711106,15.751640438711107
2025-08-01,1598153637012.0,5141,5141,235967523072.0,50,0.1476500867045414,14.765008670454142
2025-08-04,1498392109052.5,5138,5138,191601903360.0,50,0.12787167137523062,12.787167137523062
2025-08-05,1595846390682.0,5139,5139,200724056832.0,50,0.12577905868886208,12.577905868886209
2025-08-06,1733773634565.0,5141,5141,204909746176.0,50,0.1181871393651752,11.81871393651752
2025-08-07,1825228817479.0,5140,5140,247258724352.0,50,0.13546724771391289,13.546724771391288
2025-08-08,1709998497067.0,5141,5141,221002439936.0,50,0.12924130653627167,12.924130653627167
2025-08-11,1826691247329.0,5143,5143,239412684544.0,50,0.13106357458824572,13.106357458824572
2025-08-12,1881105772151.0,5146,5146,271012582400.0,50,0.14407088979909063,14.407088979909064
2025-08-13,2150524027021.0,5142,5142,319483642112.0,50,0.148560833591133,14.8560833591133
2025-08-14,2278897396756.0,5142,5142,347479488768.0,50,0.15247702211720257,15.247702211720258
2025-08-15,2244262410975.0,5141,5141,368767462400.0,50,0.16431566139353207,16.431566139353208
2025-08-18,2763666447382.0,5139,5139,424585904128.0,50,0.15363138505017745,15.363138505017746
2025-08-19,2587785807307.5,5142,5142,400425369600.0,50,0.15473667429091764,15.473667429091764
2025-08-20,2407727510796.0,5139,5139,376001787392.0,50,0.15616459325486254,15.616459325486254
2025-08-21,2423516487079.0,5142,5142,367705081344.0,50,0.15172377960060224,15.172377960060224
2025-08-22,2546202599729.0,5142,5142,440780754432.0,50,0.17311299363173757,17.311299363173756
2025-08-25,3140392827389.5,5142,5142,515778568704.0,50,0.16424014352776015,16.424014352776016
2025-08-26,2677586225880.0,5143,5143,437067791872.0,50,0.16323201383677413,16.323201383677414
2025-08-27,3164916687391.0,5144,5144,526504891392.0,50,0.16635663538619858,16.63566353861986
2025-08-28,2970360062026.0,5144,5144,531637593600.0,50,0.17898085838030853,17.898085838030852
2025-08-29,2797901815856.0,5141,5141,545574711296.0,50,0.19499423039227878,19.499423039227878
2025-09-01,2749602760510.0,5141,5141,507356284416.0,50,0.1845198483587116,18.45198483587116
2025-09-02,2874648102727.0,5142,5142,552837627392.0,50,0.192314887817941,19.231488781794102
2025-09-03,2363666204624.0,5144,5144,475518408704.0,50,0.20117832533788038,20.11783253378804
2025-09-04,2543932590404.0,5143,5143,536642142208.0,50,0.21094982792872521,21.09498279287252
2025-09-05,2304300681349.0,5144,5144,493474484736.0,50,0.2141536860749903,21.41536860749903
2025-09-08,2418422971678.0,5145,5145,476085142016.0,50,0.1968576827095191,19.685768270951908
2025-09-09,2118143145328.5,5146,5146,399215054848.0,50,0.18847406783080578,18.84740678308058
2025-09-10,1977839353663.0,5148,5148,411444158720.0,50,0.2080270867085321,20.80270867085321
2025-09-11,2437371438266.5,5146,5146,519520965632.0,50,0.21314804853932814,21.314804853932813
2025-09-12,2520597776643.0,5149,5149,513671052800.0,50,0.20378937788484483,20.378937788484482
2025-09-15,2277167240868.0,5148,5148,459538355712.0,50,0.20180263770913695,20.180263770913694
2025-09-16,2341166548729.5,5149,5149,454928418816.0,50,0.19431698230221156,19.431698230221155
2025-09-17,2376475863687.0,5148,5148,449027020800.0,50,0.1889465942664168,18.89465942664168
2025-09-18,3134769550645.0,5147,5147,603772105216.0,50,0.19260494127607236,19.260494127607235
2025-09-19,2323481191101.0,5148,5148,452112018432.0,50,0.19458389427192355,19.458389427192355
2025-09-22,2121245872328.0,5144,5144,423456648192.0,50,0.19962638641567268,19.962638641567267
2025-09-23,2494066387191.5,5149,5149,519403423744.0,50,0.20825565286130415,20.825565286130416
2025-09-24,2326466781460.0,5147,5147,487968731136.0,50,0.20974670045783753,20.974670045783753
2025-09-25,2370850494439.0,5150,5150,518750912512.0,50,0.21880372200978826,21.880372200978826
2025-09-26,2146650823967.5,5150,5150,442944728576.0,50,0.20634223490401535,20.634223490401535
2025-09-29,2161209754262.0,5144,5144,480697862144.0,50,0.2224207350517657,22.24207350517657
2025-09-30,2181107059929.0,5147,5147,462988321792.0,50,0.21227216687248324,21.227216687248323
2025-10-09,2652688162170.0,5143,5143,556610153984.0,50,0.2098287171186649,20.98287171186649
2025-10-10,2515268734403.0,5145,5145,543176805376.0,50,0.21595179789205435,21.595179789205435
2025-10-13,2354428389158.0,5147,5147,461455875072.0,50,0.19599486533418317,19.599486533418318
2025-10-14,2575902593836.0,5147,5147,507071896064.0,50,0.19685212370894634,19.685212370894632
2025-10-15,2072590185642.0,5147,5147,396814983168.0,50,0.1914584879909984,19.14584879909984
2025-10-16,1930913433201.25,5150,5150,355219186432.0,50,0.18396432503091772,18.396432503091773
2025-10-17,1937843620774.5,5153,5153,346250391296.0,50,0.17867819032663418,17.86781903266342
2025-10-20,1737408668050.5,5152,5152,343419046400.0,50,0.1976616398405226,19.76616398405226
2025-10-21,1873700888203.0,5151,5151,397668131584.0,50,0.2122367204326777,21.22367204326777
2025-10-22,1667606044503.0,5151,5151,312435782144.0,50,0.18735587051503874,18.735587051503874
2025-10-23,1643684051543.5,5153,5153,275686893056.0,50,0.16772499118496434,16.772499118496434
2025-10-24,1974020964402.5,5154,5154,404322782464.0,50,0.204821929328588,20.4821929328588
2025-10-27,2339921518605.0,5153,5153,471356583936.0,50,0.2014411937273052,20.144119372730522
2025-10-28,2147638380931.5,5153,5153,416108928512.0,50,0.1937518588820899,19.37518588820899
2025-10-29,2255773708102.0,5153,5153,455770643456.0,50,0.20204626103186735,20.204626103186733
2025-10-30,2421395036621.5,5152,5152,493975862784.0,50,0.20400465653602304,20.400465653602303
2025-10-31,2317490125341.0,5153,5153,430694789120.0,50,0.18584536106993196,18.584536106993195
2025-11-03,2106875819108.0,5154,5154,356468955136.0,50,0.1691931493555801,16.91931493555801
2025-11-04,1915447303844.0,5154,5154,313582894336.0,50,0.1637126188262599,16.37126188262599
2025-11-05,1872125713147.0,5154,5154,313379235328.0,50,0.16739219654283619,16.73921965428362
2025-11-06,2054992268949.75,5154,5154,379734144256.0,50,0.18478616683559188,18.47861668355919
2025-11-07,1998714970981.0,5155,5155,349748736512.0,50,0.17498679981385137,17.498679981385138
2025-11-10,2174194972443.0,5158,5158,395085802496.0,50,0.18171590289902476,18.171590289902475
2025-11-11,1993405867935.0,5158,5158,340601238784.0,50,0.1708639691809647,17.08639691809647
2025-11-12,1944898657822.75,5160,5160,341130278144.0,50,0.17539745671164383,17.539745671164383
2025-11-13,2041814942883.0,5159,5159,364676590848.0,50,0.17860413458091567,17.860413458091568
2025-11-14,1957919981987.0,5157,5157,320824987136.0,50,0.1638601117959938,16.38601117959938
2025-11-17,1910643167815.0,5156,5156,316497545472.0,50,0.1656497407801922,16.56497407801922
2025-11-18,1925856512024.5,5158,5158,325783257344.0,50,0.1691627882502679,16.91627882502679
2025-11-19,1725727959242.0,5160,5160,287098459136.0,50,0.1663636829886581,16.63636829886581
2025-11-20,1708025148205.0,5159,5159,304252187392.0,50,0.17813097641550835,17.813097641550833
2025-11-21,1965354100331.0,5161,5161,325634092288.0,50,0.165687237853554,16.5687237853554
2025-11-24,1727549925641.0,5157,5157,307928487168.0,50,0.1782457818425968,17.82457818425968
2025-11-25,1811996167685.0,5155,5155,329280665088.0,50,0.18172260568778567,18.17226056877857
2025-11-26,1783181747797.5,5151,5151,361518142464.0,50,0.20273768667188846,20.273768667188847
2025-11-27,1709648635873.0,5150,5150,347432199936.0,50,0.2032184816493538,20.32184816493538
2025-11-28,1585667040903.0,5149,5149,278400983296.0,50,0.17557341870299403,17.557341870299403
2025-12-01,1873843774567.0,5148,5148,333164602624.0,50,0.1777974274835085,17.77974274835085
2025-12-02,1593322033685.0,5151,5151,288003136768.0,50,0.18075638865164798,18.075638865164798
2025-12-03,1669825350229.0,5157,5157,308488542464.0,50,0.18474299867449842,18.474299867449844
2025-12-04,1548857115469.0,5155,5155,293688306432.0,50,0.18961613921570167,18.961613921570166
2025-12-05,1725659012385.0,5153,5153,330749357568.0,50,0.19166553484449844,19.166553484449842
2025-12-08,2036514050734.0,5155,5155,403924560384.0,50,0.19834116059175608,19.834116059175606
2025-12-09,1903773121698.0,5156,5156,375490515968.0,50,0.19723490771478858,19.723490771478858
2025-12-10,1778357857146.0,5153,5153,327050137088.0,50,0.18390569466871357,18.390569466871355
2025-12-11,1856982688619.0,5156,5156,367283407872.0,50,0.1977850467443728,19.77850467443728
2025-12-12,2092063872631.3125,5158,5158,398300356608.0,50,0.1903863270231009,19.03863270231009
2025-12-15,1773326586048.0,5157,5157,318425497856.0,50,0.17956393388633318,17.95639338863332
2025-12-16,1723990567622.5,5159,5159,302881983488.0,50,0.175686566490729,17.5686566490729
2025-12-17,1811002236497.0,5160,5160,334880115712.0,50,0.18491424746098303,18.491424746098303
2025-12-18,1655274137190.0,5163,5163,302283453696.0,50,0.18261836326951716,18.261836326951716
2025-12-19,1725718525486.5,5162,5162,287990760448.0,50,0.16688165317505188,16.688165317505188
2025-12-22,1861722994193.125,5158,5158,342502482944.0,50,0.18397070026652454,18.397070026652454
2025-12-23,1899687154894.0,5163,5163,346342947328.0,50,0.18231578101465104,18.231578101465104
2025-12-24,1880129001915.75,5165,5165,336463479808.0,50,0.1789576563444114,17.89576563444114
2025-12-25,1924380738357.0,5167,5167,337850194944.0,50,0.1755630724263277,17.55630724263277
2025-12-26,2160030690645.0,5166,5166,377192904192.0,50,0.17462386336713004,17.462386336713003
2025-12-29,2139207299162.5,5168,5168,372050660864.0,50,0.1739198725666549,17.39198725666549
2025-12-30,2142446852249.6562,5170,5170,404910856704.0,50,0.18899458639024214,18.899458639024214
2025-12-31,2045100284922.5,5171,5171,394555551232.0,50,0.1929272388942784,19.29272388942784
2026-01-05,2546101379252.5,5171,5171,485769814016.0,50,0.19078965903494985,19.078965903494986
2026-01-06,2806288616019.5,5173,5173,525332609024.0,50,0.18719835373495655,18.719835373495656
2026-01-07,2854018140526.5,5174,5174,516635342848.0,50,0.1810203430426314,18.10203430426314
2026-01-08,2800153712227.25,5173,5173,498213497344.0,50,0.1779236243955049,17.79236243955049
2026-01-09,3122538581318.5,5172,5172,530212408320.0,50,0.1698017156592238,16.98017156592238
2026-01-12,3601093291169.0,5172,5172,569404522496.0,50,0.15811990316728447,15.811990316728448
2026-01-13,3650766444502.0,5165,5165,615662363648.0,50,0.1686392085078952,16.863920850789523
2026-01-14,3941126055788.0,5167,5167,653726457856.0,50,0.1658730141087284,16.58730141087284
2026-01-15,2905274763964.5,5170,5170,488413402624.0,50,0.16811263729063528,16.811263729063526
2026-01-16,3026091311387.5,5172,5172,531762015744.0,50,0.17572570059037002,17.572570059037
2026-01-19,2708185281205.0,5173,5173,449694841344.0,50,0.16605024939206134,16.605024939206135
2026-01-20,2777606516374.5,5179,5179,465680760832.0,50,0.16765541054383568,16.76554105438357
2026-01-21,2600447827705.0,5176,5176,440549534720.0,50,0.16941294881074492,16.94129488107449
2026-01-22,2691489190890.0,5176,5176,496815363584.0,50,0.18458753810551887,18.458753810551887
2026-01-23,3084972581121.0,5177,5177,521019033600.0,50,0.16888935635553526,16.888935635553526
2026-01-26,3247830805949.0,5173,5173,517861164032.0,50,0.1594483195009549,15.94483195009549
2026-01-27,2894728124304.0,5173,5173,480487106048.0,50,0.1659869547035706,16.59869547035706
2026-01-28,2965088395672.0,5173,5173,510552135680.0,50,0.17218782968670646,17.218782968670645
2026-01-29,3229714129806.0,5174,5174,588995469312.0,50,0.18236767888413064,18.236767888413063
2026-01-30,2835214469904.0,5171,5171,496218350592.0,50,0.17501968752607344,17.501968752607343
2026-02-02,2584483012724.0,5173,5173,497703380480.0,50,0.19257367064503525,19.257367064503526
2026-02-03,2544062679070.5,5174,5174,509881354240.0,50,0.20042012267806644,20.042012267806644
2026-02-04,2480754511721.0,5177,5177,468257013248.0,50,0.18875588496789678,18.87558849678968
2026-02-05,2175983555026.0,5177,5177,371587590144.0,50,0.17076764632973526,17.076764632973525
2026-02-06,2145564940855.0,5175,5175,364537219584.0,50,0.1699026734836249,16.99026734836249
2026-02-09,2249286015571.625,5174,5174,382680169472.0,50,0.17013406335287562,17.013406335287563
2026-02-10,2105412308968.0,5178,5178,353599812608.0,50,0.16794801241630544,16.794801241630545
2026-02-11,1984093263621.75,5178,5178,351799677184.0,50,0.17731005070892047,17.731005070892046
2026-02-12,2141507266927.0,5182,5182,371986320896.0,50,0.17370303927559838,17.37030392755984
2026-02-13,1982504954185.0,5180,5180,337419095552.0,50,0.17019836184505863,17.019836184505863
2026-02-24,2201781378970.5,5180,5180,350021095424.0,50,0.15897177565724596,15.897177565724597
2026-02-25,2462235724424.5,5177,5177,394486764544.0,50,0.16021486514505173,16.021486514505174
2026-02-26,2538236846142.0,5176,5176,440119745536.0,50,0.17339585397830828,17.339585397830827
2026-02-27,2487092963113.0,5176,5176,440276573184.0,50,0.17702457435805796,17.702457435805798
2026-03-02,3020261402557.0,5175,5175,494547603968.0,50,0.16374331160518368,16.37433116051837
2026-03-03,3129077281035.0,5177,5177,498519107072.0,50,0.15931824697762198,15.931824697762199
2026-03-04,2365503694699.0,5178,5178,393265933312.0,50,0.1662503990982104,16.62503990982104
2026-03-05,2389842669631.0,5179,5179,420928087040.0,50,0.17613213304329894,17.613213304329893
2026-03-06,2199973029089.0,5180,5180,363524384768.0,50,0.16524038247802247,16.52403824780225
2026-03-09,2647244435080.0,5183,5183,441028413440.0,50,0.1665990520541682,16.65990520541682
2026-03-10,2397692702684.0,5181,5181,408639831040.0,50,0.1704304436438267,17.04304436438267
2026-03-11,2508199006936.375,5184,5184,436744130048.0,50,0.17412658598468173,17.412658598468173
2026-03-12,2441671314317.4062,5184,5184,406793769984.0,50,0.1666046398623163,16.66046398623163
2026-03-13,2400085536023.0,5183,5183,402762303488.0,50,0.16781164564467435,16.781164564467435
2026-03-16,2325121736197.0,5182,5182,411872886272.0,50,0.17714035349635704,17.714035349635704
2026-03-17,2207702928875.0,5180,5180,390381333504.0,50,0.1768269310141878,17.68269310141878
2026-03-18,2045873966979.0,5180,5180,388862433280.0,50,0.19007154866641474,19.007154866641475
2026-03-19,2110758511053.75,5180,5180,372640569856.0,50,0.17654344061839994,17.654344061839993
2026-03-20,2286594330786.0,5181,5181,443053574144.0,50,0.19376133675259466,19.376133675259467
2026-03-23,2431159718958.0,5183,5183,389465744896.0,50,0.1601975147329793,16.01975147329793
2026-03-24,2082712143664.0,5181,5181,349912848640.0,50,0.1680082625457869,16.80082625457869
2026-03-25,2179631927768.0,5182,5182,380583257600.0,50,0.1746089570222653,17.46089570222653
2026-03-26,1943452610725.0,5181,5181,343632128000.0,50,0.17681528538625335,17.681528538625336
2026-03-27,1853070652911.0,5177,5177,308743222016.0,50,0.1666116839803131,16.661168398031307
2026-03-30,1915659168457.0,5174,5174,293841397504.0,50,0.15338918443445215,15.338918443445216
2026-03-31,1992432806960.5,5179,5179,337181270016.0,50,0.16923093659071867,16.923093659071867
2026-04-01,2012230965755.5,5182,5182,351043209472.0,50,0.174454729822826,17.4454729822826
2026-04-02,1842796862109.0,5182,5182,288990058752.0,50,0.15682144065584286,15.682144065584286
2026-04-03,1656325420801.0,5183,5183,291067426560.0,50,0.17573082131362786,17.573082131362785
2026-04-07,1614196387698.5,5181,5181,275454640384.0,50,0.1706450605906383,17.06450605906383
2026-04-08,2434169371688.0,5186,5186,429732159488.0,50,0.17654160161829568,17.65416016182957
2026-04-09,2133919498791.5,5187,5187,391879085568.0,50,0.18364286271807928,18.364286271807927
2026-04-10,2322709927876.0,5190,5190,484164017664.0,50,0.20844790468809996,20.844790468809997
2026-04-13,2150173209640.0,5188,5188,421738960384.0,50,0.19614185429024625,19.614185429024626
2026-04-14,2383550270545.5,5190,5190,464147698176.0,50,0.19472956115575235,19.472956115575236
2026-04-15,2415059249492.0,5188,5188,465686579200.0,50,0.19282615086895102,19.282615086895103
2026-04-16,2341504644491.0,5191,5191,436295370240.0,50,0.18633120001128273,18.633120001128272
2026-04-17,2425370800262.0,5190,5190,480463288832.0,50,0.19809890049805914,19.809890049805915
2026-04-20,2578602742178.5,5185,5185,495823185920.0,50,0.1922836650290343,19.22836650290343
2026-04-21,2408351999833.5,5190,5190,469113246208.0,50,0.19478599732947338,19.478599732947337
2026-04-22,2559540403181.0,5189,5189,509278289408.0,50,0.1989725533439786,19.897255334397858
2026-04-23,2804250381669.0,5187,5187,553576336896.0,50,0.19740617332697985,19.740617332697987
2026-04-24,2641492650929.0,5187,5187,565101392384.0,50,0.2139326006397393,21.39326006397393
2026-04-27,2589110925223.0,5185,5185,509022265344.0,50,0.19660118088612133,19.660118088612133
2026-04-28,2535946663221.0,5178,5178,459503347712.0,50,0.18119598269798298,18.1195982697983
2026-04-29,2589918617490.0,5152,5152,484398267904.0,50,0.18703223515704556,18.703223515704558
2026-04-30,2740577438262.0,5151,5151,513249642496.0,50,0.18727792009463853,18.727792009463855
2026-05-06,3226459720756.0,5180,5180,636408495104.0,50,0.19724668837796044,19.724668837796045
2026-05-07,3143614761875.0,5182,5182,606158180864.0,50,0.19282203029943107,19.28220302994311
2026-05-08,3048331389747.0,5180,5180,553903827968.0,50,0.18170722180371995,18.170722180371996
2026-05-11,3538609997885.0,5180,5180,678832883712.0,50,0.19183602717387144,19.183602717387142
2026-05-12,3242389772462.0,5179,5179,636332812800.0,50,0.1962542622742182,19.62542622742182
2026-05-13,3239703708145.0,5183,5183,619589904896.0,50,0.19124894148136984,19.124894148136985
2026-05-14,3361921855957.0,5183,5183,660580547584.0,50,0.19648896550451203,19.6488965504512
2026-05-15,3344257405241.0,5184,5184,688395311616.0,50,0.2058439970969853,20.58439970969853
2026-05-18,2893603967698.0,5187,5187,571857025536.0,50,0.19762795182747125,19.762795182747126
2026-05-19,2886309575909.25,5182,5182,577688449536.0,50,0.20014777844958492,20.01477784495849
2026-05-20,2953417755878.0,5186,5186,610393979392.0,50,0.2066737691195807,20.667376911958073
2026-05-21,3481228867738.0,5189,5189,678880049664.0,50,0.19501161097320105,19.501161097320104
2026-05-22,2903048134379.0,5191,5191,615706455040.0,50,0.21208964734293242,21.208964734293243
2026-05-25,3205448453521.0,5191,5191,708485517824.0,50,0.22102539725627768,22.102539725627768
2026-05-26,3243410554924.0,5191,5191,732745866752.0,50,0.22591832095988532,22.591832095988533
2026-05-27,3238216364114.0,5191,5191,747953688064.0,50,0.23097705772623556,23.097705772623556
2026-05-28,2967879467672.0,5191,5191,649283915264.0,50,0.21877031137430164,21.877031137430166
2026-05-29,3318638029983.0,5190,5190,726893528576.0,50,0.21903368852183122,21.90336885218312
2026-06-01,2877238763238.0,5192,5192,626578954240.0,50,0.21777092754542823,21.777092754542824
2026-06-02,2792614563280.0,5191,5191,624831834112.0,50,0.2237443871875102,22.37443871875102
2026-06-03,3129983549819.5,5195,5195,750635376128.0,50,0.23982086940082725,23.982086940082723
2026-06-04,2757415676934.5,5195,5195,621398646784.0,50,0.22535544857524967,22.535544857524968
2026-06-05,3068810354611.0,5197,5197,721850720256.0,50,0.23522167773299932,23.52216777329993
2026-06-08,2792523061074.0,5198,5198,595898139136.0,50,0.21339058840460157,21.339058840460158
2026-06-09,2640107718475.0,5198,5198,582845029888.0,50,0.22076562475438222,22.076562475438223
2026-06-10,2619010616872.0,5195,5195,542910836736.0,50,0.20729615727347542,20.729615727347543
2026-06-11,2551812531472.0,5193,5193,540629505536.0,50,0.21186098072186385,21.186098072186386
2026-06-12,3214761834326.0,5194,5194,667203040256.0,50,0.20754353654813884,20.754353654813883
2026-06-15,3031014838026.0,5189,5189,628841993216.0,50,0.20746912398012016,20.746912398012014
2026-06-16,3064533925426.0,5194,5194,642427542016.0,50,0.20963303316235807,20.963303316235805
2026-06-17,3091518577826.0,5190,5190,688491379712.0,50,0.22270329690082502,22.2703296900825
2026-06-18,3309673852001.75,5188,5188,763934246912.0,50,0.2308185884992743,23.081858849927432
2026-06-22,3736878679137.0,5191,5191,819648223232.0,50,0.21934033550730384,21.934033550730383
2026-06-23,3440492116626.5,5193,5193,771795344384.0,50,0.2243270201533748,22.43270201533748
2026-06-24,3284086769900.75,5192,5192,735750827008.0,50,0.22403513626719293,22.403513626719292
2026-06-25,3594003707640.0,5191,5191,858635706368.0,50,0.23890785213792184,23.890785213792185
2026-06-26,3552080881190.75,5193,5193,860999131136.0,50,0.24239288460328376,24.239288460328375
2026-06-29,3517515727032.125,5189,5189,834470834176.0,50,0.23723300730771085,23.723300730771086
2026-06-30,3273458552853.375,5186,5186,772765726720.0,50,0.23607011185353285,23.607011185353286
2026-07-01,3659715061593.625,5189,5189,833064820736.0,50,0.2276310605376041,22.76310605376041
2026-07-02,3450310137986.0,5194,5194,755873907712.0,50,0.21907419260380326,21.907419260380326
2026-07-03,3182238513842.5,5193,5193,692213940224.0,50,0.21752421674645725,21.752421674645724
2026-07-06,3090905984773.5,5194,5194,653185122304.0,50,0.21132481075831397,21.132481075831397
2026-07-07,2580999910629.75,5194,5194,560765055488.0,50,0.21726659236930246,21.726659236930246
2026-07-08,2563357351379.875,5194,5194,596867917824.0,50,0.23284616072070538,23.284616072070538
2026-07-09,2913539564727.4375,5194,5194,737851284480.0,50,0.25324910408382467,25.32491040838247
2026-07-10,3388361994079.375,5194,5194,861849154560.0,50,0.25435569046812134,25.435569046812134
2026-07-13,2817577672258.375,5197,5197,688711170560.0,50,0.24443378343780559,24.44337834378056
2026-07-14,2703781532113.0,5197,5197,719060220928.0,50,0.265946124857971,26.594612485797096
2026-07-15,2570931267969.5,5198,5198,631677216256.0,50,0.2456997680668816,24.56997680668816
2026-07-16,2403386689902.5,5197,5197,577989682688.0,50,0.24048967447325248,24.048967447325246
2026-07-17,2654743225117.5,5195,5195,647510478848.0,50,0.24390700867852894,24.390700867852892
2026-07-20,2701921072051.0,5197,5197,625376000000.0,50,0.2314560578652594,23.14560578652594
2026-07-21,2956903458206.0,5198,5198,729364315648.0,50,0.24666490670294552,24.666490670294554
2026-07-22,2653166114149.0,5198,5198,706221820416.0,50,0.2661807779956966,26.61807779956966
2026-07-23,2194997488730.0,5198,5198,530111102976.0,50,0.24150875146682566,24.150875146682566
2026-07-24,1930921625881.0,5197,5197,440948886528.0,50,0.2283618768456297,22.83618768456297
2026-07-27,2076474839516.5,5193,5193,595033204224.0,50,0.2865593133613656,28.655931336136558
2026-07-28,2025614011437.25,5194,5194,537355020800.0,50,0.2652800670640732,26.52800670640732
2026-07-29,2296338613050.5,5193,5193,574209468416.0,50,0.2500543539844976,25.00543539844976
2026-07-30,2342574868002.0,5197,5197,618655189504.0,50,0.26409196049800354,26.409196049800354
2026-07-31,2541755789323.5,5197,5197,653882722304.0,50,0.25725631276246014,25.725631276246013
2026-08-03,1997163702053.5,5197,5197,445221310976.0,50,0.2229267988989685,22.29267988989685
2026-08-04,2213371119130.0,5197,5197,521039060992.0,50,0.23540519549057934,23.540519549057933
2026-08-05,2659431976049.5,5199,5199,693959909376.0,50,0.2609429064648816,26.09429064648816
2026-08-06,2528606632831.0,5200,5200,593521738240.0,50,0.2347228432187966,23.47228432187966
2026-08-07,2664251483904.0,5202,5202,644006157312.0,50,0.24172123435146606,24.172123435146606
2026-08-10,2522941763781.0,5205,5205,598041265664.0,50,0.2370412485335163,23.70412485335163
2026-08-11,2320839465430.0,5205,5205,496315932672.0,50,0.21385190146275096,21.385190146275097
2026-08-12,2152276155402.0,5204,5204,464170563072.0,50,0.2156649656257994,21.56649656257994
